triad_id,responder_id,session,trial,game_type,type_trial,responder_choice_side,offer,proposer_id,accepted
TSF,Frodo,1,1,triadic,simultaneous,R,0,Tai,FALSE
TSF,Frodo,1,1,triadic,simultaneous,R,7,Sandra,TRUE
TSF,Frodo,1,2,triadic,simultaneous,na,0,Tai,FALSE
TSF,Frodo,1,2,triadic,simultaneous,na,0,Sandra,FALSE
TSF,Frodo,1,3,triadic,simultaneous,na,0,Tai,FALSE
TSF,Frodo,1,3,triadic,simultaneous,na,0,Sandra,FALSE
TSF,Frodo,1,4,triadic,simultaneous,na,0,Tai,FALSE
TSF,Frodo,1,4,triadic,simultaneous,na,0,Sandra,FALSE
TSF,Frodo,1,5,triadic,cons_right,R,3,Tai,FALSE
TSF,Frodo,1,5,triadic,cons_right,R,4,Sandra,TRUE
TSF,Frodo,1,6,triadic,cons_right,L,8,Tai,TRUE
TSF,Frodo,1,6,triadic,cons_right,L,0,Sandra,FALSE
TSF,Frodo,1,7,triadic,cons_left,R,1,Tai,FALSE
TSF,Frodo,1,7,triadic,cons_left,R,0,Sandra,TRUE
TSF,Frodo,1,8,triadic,cons_left,L,0,Tai,TRUE
TSF,Frodo,1,8,triadic,cons_left,L,1,Sandra,FALSE
TSF,Frodo,2,1,dyadic,left,L,6,Tai,TRUE
TSF,Frodo,2,2,dyadic,left,L,1,Tai,TRUE
TSF,Frodo,2,3,dyadic,right,R,6,Sandra,TRUE
TSF,Frodo,2,4,dyadic,right,na,0,Sandra,FALSE
TSF,Frodo,2,5,dyadic,left,na,0,Tai,FALSE
TSF,Frodo,2,6,dyadic,left,na,0,Tai,FALSE
TSF,Frodo,2,7,dyadic,right,R,2,Sandra,TRUE
TSF,Frodo,2,8,dyadic,right,R,1,Sandra,TRUE
TSF,Frodo,3,1,triadic,cons_left,L,7,Sandra,TRUE
TSF,Frodo,3,1,triadic,cons_left,L,0,Tai,FALSE
TSF,Frodo,3,2,triadic,cons_left,L,3,Sandra,TRUE
TSF,Frodo,3,2,triadic,cons_left,L,0,Tai,FALSE
TSF,Frodo,3,3,triadic,cons_right,R,0,Sandra,FALSE
TSF,Frodo,3,3,triadic,cons_right,R,1,Tai,TRUE
TSF,Frodo,3,4,triadic,cons_right,L,2,Sandra,TRUE
TSF,Frodo,3,4,triadic,cons_right,L,0,Tai,FALSE
TSF,Frodo,3,5,triadic,simultaneous,na,0,Sandra,FALSE
TSF,Frodo,3,5,triadic,simultaneous,na,0,Tai,FALSE
TSF,Frodo,3,6,triadic,simultaneous,L,5,Sandra,TRUE
TSF,Frodo,3,6,triadic,simultaneous,L,0,Tai,FALSE
TSF,Frodo,3,7,triadic,simultaneous,na,0,Sandra,FALSE
TSF,Frodo,3,7,triadic,simultaneous,na,0,Tai,FALSE
TSF,Frodo,3,8,triadic,simultaneous,L,1,Sandra,TRUE
TSF,Frodo,3,8,triadic,simultaneous,L,0,Tai,FALSE
TSF,Frodo,4,1,dyadic,right,na,0,Tai,FALSE
TSF,Frodo,4,2,dyadic,right,R,2,Tai,TRUE
TSF,Frodo,4,3,dyadic,left,na,0,Sandra,FALSE
TSF,Frodo,4,4,dyadic,left,L,6,Sandra,TRUE
TSF,Frodo,4,5,dyadic,right,na,0,Tai,FALSE
TSF,Frodo,4,6,dyadic,right,na,0,Tai,FALSE
TSF,Frodo,4,7,dyadic,left,na,0,Sandra,FALSE
TSF,Frodo,4,8,dyadic,left,L,2,Sandra,TRUE
TSF,Frodo,5,1,triadic,simultaneous,L,2,Tai,TRUE
TSF,Frodo,5,1,triadic,simultaneous,L,3,Sandra,FALSE
TSF,Frodo,5,2,triadic,simultaneous,R,0,Tai,FALSE
TSF,Frodo,5,2,triadic,simultaneous,R,2,Sandra,TRUE
TSF,Frodo,5,3,triadic,simultaneous,na,0,Tai,FALSE
TSF,Frodo,5,3,triadic,simultaneous,na,0,Sandra,FALSE
TSF,Frodo,5,4,triadic,simultaneous,na,0,Tai,FALSE
TSF,Frodo,5,4,triadic,simultaneous,na,0,Sandra,FALSE
TSF,Frodo,5,5,triadic,cons_left,L,1,Tai,TRUE
TSF,Frodo,5,5,triadic,cons_left,L,0,Sandra,FALSE
TSF,Frodo,5,6,triadic,cons_left,na,0,Tai,FALSE
TSF,Frodo,5,6,triadic,cons_left,na,0,Sandra,FALSE
TSF,Frodo,5,7,triadic,cons_right,R,0,Tai,FALSE
TSF,Frodo,5,7,triadic,cons_right,R,5,Sandra,TRUE
TSF,Frodo,5,8,triadic,cons_right,R,0,Tai,FALSE
TSF,Frodo,5,8,triadic,cons_right,R,5,Sandra,TRUE
ARD,Dorien,1,1,dyadic,left,L,8,Azibo,TRUE
ARD,Dorien,1,2,dyadic,left,L,7,Azibo,TRUE
ARD,Dorien,1,3,dyadic,right,R,3,Riet,TRUE
ARD,Dorien,1,4,dyadic,right,R,6,Riet,TRUE
ARD,Dorien,1,5,dyadic,left,L,2,Azibo,TRUE
ARD,Dorien,1,6,dyadic,left,L,1,Azibo,TRUE
ARD,Dorien,1,7,dyadic,right,R,2,Riet,TRUE
ARD,Dorien,1,8,dyadic,right,R,2,Riet,TRUE
TSF,Frodo,6,1,dyadic,right,R,2,Sandra,TRUE
TSF,Frodo,6,2,dyadic,right,R,1,Sandra,TRUE
TSF,Frodo,6,3,dyadic,left,na,0,Tai,FALSE
TSF,Frodo,6,4,dyadic,left,na,0,Tai,FALSE
TSF,Frodo,6,5,dyadic,right,na,0,Sandra,FALSE
TSF,Frodo,6,6,dyadic,right,na,0,Sandra,FALSE
TSF,Frodo,6,7,dyadic,left,na,0,Tai,FALSE
TSF,Frodo,6,8,dyadic,left,na,0,Tai,FALSE
TSF,Frodo,7,1,triadic,cons_right,R,0,Sandra,FALSE
TSF,Frodo,7,1,triadic,cons_right,R,1,Tai,TRUE
TSF,Frodo,7,2,triadic,cons_right,L,1,Sandra,TRUE
TSF,Frodo,7,2,triadic,cons_right,L,2,Tai,FALSE
TSF,Frodo,7,3,triadic,cons_left,L,3,Sandra,TRUE
TSF,Frodo,7,3,triadic,cons_left,L,0,Tai,FALSE
TSF,Frodo,7,4,triadic,cons_left,L,4,Sandra,TRUE
TSF,Frodo,7,4,triadic,cons_left,L,2,Tai,FALSE
TSF,Frodo,7,5,triadic,simultaneous,na,0,Sandra,FALSE
TSF,Frodo,7,5,triadic,simultaneous,na,0,Tai,FALSE
TSF,Frodo,7,6,triadic,simultaneous,L,3,Sandra,TRUE
TSF,Frodo,7,6,triadic,simultaneous,L,0,Tai,FALSE
TSF,Frodo,7,7,triadic,simultaneous,L,6,Sandra,TRUE
TSF,Frodo,7,7,triadic,simultaneous,L,1,Tai,FALSE
TSF,Frodo,7,8,triadic,simultaneous,L,2,Sandra,TRUE
TSF,Frodo,7,8,triadic,simultaneous,L,0,Tai,FALSE
ARD,Dorien,2,1,triadic,cons_left,L,1,Azibo,TRUE
ARD,Dorien,2,1,triadic,cons_left,L,0,Riet,FALSE
ARD,Dorien,2,2,triadic,cons_left,na,0,Azibo,FALSE
ARD,Dorien,2,2,triadic,cons_left,na,0,Riet,FALSE
ARD,Dorien,2,3,triadic,cons_right,na,0,Azibo,FALSE
ARD,Dorien,2,3,triadic,cons_right,na,0,Riet,FALSE
ARD,Dorien,2,4,triadic,cons_right,L,6,Azibo,TRUE
ARD,Dorien,2,4,triadic,cons_right,L,0,Riet,FALSE
ARD,Dorien,2,5,triadic,simultaneous,L,2,Azibo,TRUE
ARD,Dorien,2,5,triadic,simultaneous,L,0,Riet,FALSE
ARD,Dorien,2,6,triadic,simultaneous,L,2,Azibo,TRUE
ARD,Dorien,2,6,triadic,simultaneous,L,0,Riet,FALSE
ARD,Dorien,2,7,triadic,simultaneous,na,0,Azibo,FALSE
ARD,Dorien,2,7,triadic,simultaneous,na,0,Riet,FALSE
ARD,Dorien,2,8,triadic,simultaneous,L,4,Azibo,TRUE
ARD,Dorien,2,8,triadic,simultaneous,L,0,Riet,FALSE
ARD,Dorien,3,1,dyadic,right,R,8,Azibo,TRUE
ARD,Dorien,3,2,dyadic,right,R,8,Azibo,TRUE
ARD,Dorien,3,3,dyadic,left,na,0,Riet,FALSE
ARD,Dorien,3,4,dyadic,left,L,8,Riet,TRUE
ARD,Dorien,3,5,dyadic,right,R,8,Azibo,TRUE
ARD,Dorien,3,6,dyadic,right,R,8,Azibo,TRUE
ARD,Dorien,3,7,dyadic,left,na,0,Riet,FALSE
ARD,Dorien,3,8,dyadic,left,L,4,Riet,TRUE
ARD,Dorien,4,1,triadic,simultaneous,na,0,Riet,FALSE
ARD,Dorien,4,1,triadic,simultaneous,na,0,Azibo,FALSE
ARD,Dorien,4,2,triadic,simultaneous,R,0,Riet,FALSE
ARD,Dorien,4,2,triadic,simultaneous,R,8,Azibo,TRUE
ARD,Dorien,4,3,triadic,simultaneous,R,0,Riet,FALSE
ARD,Dorien,4,3,triadic,simultaneous,R,6,Azibo,TRUE
ARD,Dorien,4,4,triadic,simultaneous,R,0,Riet,FALSE
ARD,Dorien,4,4,triadic,simultaneous,R,7,Azibo,TRUE
ARD,Dorien,4,5,triadic,cons_left,R,0,Riet,FALSE
ARD,Dorien,4,5,triadic,cons_left,R,8,Azibo,TRUE
ARD,Dorien,4,6,triadic,cons_left,R,4,Riet,FALSE
ARD,Dorien,4,6,triadic,cons_left,R,8,Azibo,TRUE
ARD,Dorien,4,7,triadic,cons_right,R,7,Riet,FALSE
ARD,Dorien,4,7,triadic,cons_right,R,7,Azibo,TRUE
ARD,Dorien,4,8,triadic,cons_right,R,2,Riet,FALSE
ARD,Dorien,4,8,triadic,cons_right,R,8,Azibo,TRUE
ARD,Dorien,5,1,dyadic,right,na,0,Riet,FALSE
ARD,Dorien,5,2,dyadic,right,na,0,Riet,FALSE
ARD,Dorien,5,3,dyadic,left,L,2,Azibo,TRUE
ARD,Dorien,5,4,dyadic,left,L,2,Azibo,TRUE
ARD,Dorien,5,5,dyadic,right,R,5,Riet,TRUE
ARD,Dorien,5,6,dyadic,right,na,0,Riet,FALSE
ARD,Dorien,5,7,dyadic,left,L,1,Azibo,TRUE
ARD,Dorien,5,8,dyadic,left,na,0,Azibo,FALSE
TSF,Frodo,8,1,dyadic,left,L,6,Sandra,TRUE
TSF,Frodo,8,2,dyadic,left,L,5,Sandra,TRUE
TSF,Frodo,8,3,dyadic,right,na,0,Tai,FALSE
TSF,Frodo,8,4,dyadic,right,R,2,Tai,TRUE
TSF,Frodo,8,5,dyadic,left,L,3,Sandra,TRUE
TSF,Frodo,8,6,dyadic,left,L,3,Sandra,TRUE
TSF,Frodo,8,7,dyadic,right,R,5,Tai,TRUE
TSF,Frodo,8,8,dyadic,right,R,6,Tai,TRUE
ARD,Dorien,6,1,triadic,cons_right,na,0,Azibo,FALSE
ARD,Dorien,6,1,triadic,cons_right,na,0,Riet,FALSE
ARD,Dorien,6,2,triadic,cons_right,R,0,Azibo,FALSE
ARD,Dorien,6,2,triadic,cons_right,R,1,Riet,TRUE
ARD,Dorien,6,3,triadic,cons_left,R,0,Azibo,FALSE
ARD,Dorien,6,3,triadic,cons_left,R,6,Riet,TRUE
ARD,Dorien,6,4,triadic,cons_left,R,0,Azibo,FALSE
ARD,Dorien,6,4,triadic,cons_left,R,4,Riet,TRUE
ARD,Dorien,6,5,triadic,simultaneous,R,0,Azibo,FALSE
ARD,Dorien,6,5,triadic,simultaneous,R,1,Riet,TRUE
ARD,Dorien,6,6,triadic,simultaneous,L,4,Azibo,TRUE
ARD,Dorien,6,6,triadic,simultaneous,L,0,Riet,FALSE
ARD,Dorien,6,7,triadic,simultaneous,L,6,Azibo,TRUE
ARD,Dorien,6,7,triadic,simultaneous,L,2,Riet,FALSE
ARD,Dorien,6,8,triadic,simultaneous,L,8,Azibo,TRUE
ARD,Dorien,6,8,triadic,simultaneous,L,3,Riet,FALSE
TSF,Frodo,10,1,dyadic,right,R,1,Sandra,TRUE
TSF,Frodo,10,2,dyadic,right,R,4,Sandra,TRUE
TSF,Frodo,10,3,dyadic,left,L,1,Tai,TRUE
TSF,Frodo,10,4,dyadic,left,na,0,Tai,FALSE
TSF,Frodo,10,5,dyadic,right,R,3,Sandra,TRUE
TSF,Frodo,10,6,dyadic,right,R,3,Sandra,TRUE
TSF,Frodo,10,7,dyadic,left,L,7,Tai,TRUE
TSF,Frodo,10,8,dyadic,left,L,1,Tai,TRUE
TSF,Frodo,9,1,triadic,cons_left,R,1,Tai,FALSE
TSF,Frodo,9,1,triadic,cons_left,R,2,Sandra,TRUE
TSF,Frodo,9,2,triadic,cons_left,R,0,Tai,FALSE
TSF,Frodo,9,2,triadic,cons_left,R,2,Sandra,TRUE
TSF,Frodo,9,3,triadic,cons_right,R,1,Tai,FALSE
TSF,Frodo,9,3,triadic,cons_right,R,3,Sandra,TRUE
TSF,Frodo,9,4,triadic,cons_right,R,0,Tai,FALSE
TSF,Frodo,9,4,triadic,cons_right,R,2,Sandra,TRUE
TSF,Frodo,9,5,triadic,simultaneous,L,1,Tai,TRUE
TSF,Frodo,9,5,triadic,simultaneous,L,0,Sandra,FALSE
TSF,Frodo,9,6,triadic,simultaneous,R,0,Tai,FALSE
TSF,Frodo,9,6,triadic,simultaneous,R,2,Sandra,TRUE
TSF,Frodo,9,7,triadic,simultaneous,R,0,Tai,FALSE
TSF,Frodo,9,7,triadic,simultaneous,R,4,Sandra,TRUE
TSF,Frodo,9,8,triadic,simultaneous,L,8,Tai,TRUE
TSF,Frodo,9,8,triadic,simultaneous,L,0,Sandra,FALSE
TSF,Frodo,11,1,triadic,simultaneous,na,0,Sandra,FALSE
TSF,Frodo,11,1,triadic,simultaneous,na,0,Tai,FALSE
TSF,Frodo,11,2,triadic,simultaneous,L,3,Sandra,TRUE
TSF,Frodo,11,2,triadic,simultaneous,L,0,Tai,FALSE
TSF,Frodo,11,3,triadic,simultaneous,L,2,Sandra,TRUE
TSF,Frodo,11,3,triadic,simultaneous,L,1,Tai,FALSE
TSF,Frodo,11,4,triadic,simultaneous,L,1,Sandra,TRUE
TSF,Frodo,11,4,triadic,simultaneous,L,0,Tai,FALSE
TSF,Frodo,11,5,triadic,cons_left,L,2,Sandra,TRUE
TSF,Frodo,11,5,triadic,cons_left,L,0,Tai,FALSE
TSF,Frodo,11,6,triadic,cons_left,L,6,Sandra,TRUE
TSF,Frodo,11,6,triadic,cons_left,L,0,Tai,FALSE
TSF,Frodo,11,7,triadic,cons_right,R,1,Sandra,FALSE
TSF,Frodo,11,7,triadic,cons_right,R,4,Tai,TRUE
TSF,Frodo,11,8,triadic,cons_right,R,2,Sandra,FALSE
TSF,Frodo,11,8,triadic,cons_right,R,4,Tai,TRUE
TSF,Frodo,12,1,dyadic,right,R,2,Tai,TRUE
TSF,Frodo,12,2,dyadic,right,na,0,Tai,FALSE
TSF,Frodo,12,3,dyadic,left,L,2,Sandra,TRUE
TSF,Frodo,12,4,dyadic,left,L,2,Sandra,TRUE
TSF,Frodo,12,5,dyadic,right,na,0,Tai,FALSE
TSF,Frodo,12,6,dyadic,right,R,4,Tai,TRUE
TSF,Frodo,12,7,dyadic,left,L,2,Sandra,TRUE
TSF,Frodo,12,8,dyadic,left,L,2,Sandra,TRUE
TSF,Frodo,13,1,triadic,cons_right,R,6,Tai,FALSE
TSF,Frodo,13,1,triadic,cons_right,R,4,Sandra,TRUE
TSF,Frodo,13,2,triadic,cons_right,R,0,Tai,FALSE
TSF,Frodo,13,2,triadic,cons_right,R,2,Sandra,TRUE
TSF,Frodo,13,3,triadic,cons_left,R,0,Tai,FALSE
TSF,Frodo,13,3,triadic,cons_left,R,2,Sandra,TRUE
TSF,Frodo,13,4,triadic,cons_left,R,3,Tai,FALSE
TSF,Frodo,13,4,triadic,cons_left,R,3,Sandra,TRUE
TSF,Frodo,13,5,triadic,simultaneous,L,3,Tai,TRUE
TSF,Frodo,13,5,triadic,simultaneous,L,1,Sandra,FALSE
TSF,Frodo,13,6,triadic,simultaneous,na,0,Tai,FALSE
TSF,Frodo,13,6,triadic,simultaneous,na,0,Sandra,FALSE
TSF,Frodo,13,7,triadic,simultaneous,L,8,Tai,TRUE
TSF,Frodo,13,7,triadic,simultaneous,L,0,Sandra,FALSE
TSF,Frodo,13,8,triadic,simultaneous,R,0,Tai,FALSE
TSF,Frodo,13,8,triadic,simultaneous,R,4,Sandra,TRUE
TSF,Frodo,14,1,dyadic,left,L,1,Tai,TRUE
TSF,Frodo,14,2,dyadic,left,L,2,Tai,TRUE
TSF,Frodo,14,3,dyadic,right,R,3,Sandra,TRUE
TSF,Frodo,14,4,dyadic,right,R,2,Sandra,TRUE
TSF,Frodo,14,5,dyadic,left,L,2,Tai,TRUE
TSF,Frodo,14,6,dyadic,left,L,1,Tai,TRUE
TSF,Frodo,14,7,dyadic,right,R,3,Sandra,TRUE
TSF,Frodo,14,8,dyadic,right,R,3,Sandra,TRUE
ARD,Dorien,7,1,dyadic,left,L,5,Riet,TRUE
ARD,Dorien,7,2,dyadic,left,L,6,Riet,TRUE
ARD,Dorien,7,3,dyadic,right,R,7,Azibo,TRUE
ARD,Dorien,7,4,dyadic,right,R,8,Azibo,TRUE
ARD,Dorien,7,5,dyadic,left,na,0,Riet,FALSE
ARD,Dorien,7,6,dyadic,left,L,1,Riet,TRUE
ARD,Dorien,7,7,dyadic,right,R,6,Azibo,TRUE
ARD,Dorien,7,8,dyadic,right,R,8,Azibo,TRUE
TSF,Frodo,15,1,triadic,simultaneous,L,3,Sandra,TRUE
TSF,Frodo,15,1,triadic,simultaneous,L,1,Tai,FALSE
TSF,Frodo,15,2,triadic,simultaneous,R,1,Sandra,FALSE
TSF,Frodo,15,2,triadic,simultaneous,R,0,Tai,TRUE
TSF,Frodo,15,3,triadic,simultaneous,L,2,Sandra,TRUE
TSF,Frodo,15,3,triadic,simultaneous,L,0,Tai,FALSE
TSF,Frodo,15,4,triadic,simultaneous,L,4,Sandra,TRUE
TSF,Frodo,15,4,triadic,simultaneous,L,0,Tai,FALSE
TSF,Frodo,15,5,triadic,cons_right,L,4,Sandra,TRUE
TSF,Frodo,15,5,triadic,cons_right,L,0,Tai,FALSE
TSF,Frodo,15,6,triadic,cons_right,L,4,Sandra,TRUE
TSF,Frodo,15,6,triadic,cons_right,L,0,Tai,FALSE
TSF,Frodo,15,7,triadic,cons_left,R,2,Sandra,FALSE
TSF,Frodo,15,7,triadic,cons_left,R,3,Tai,TRUE
TSF,Frodo,15,8,triadic,cons_left,L,4,Sandra,TRUE
TSF,Frodo,15,8,triadic,cons_left,L,1,Tai,FALSE
ARD,Dorien,8,1,triadic,simultaneous,L,4,Riet,TRUE
ARD,Dorien,8,1,triadic,simultaneous,L,0,Azibo,FALSE
ARD,Dorien,8,2,triadic,simultaneous,L,6,Riet,TRUE
ARD,Dorien,8,2,triadic,simultaneous,L,2,Azibo,FALSE
ARD,Dorien,8,3,triadic,simultaneous,L,4,Riet,TRUE
ARD,Dorien,8,3,triadic,simultaneous,L,0,Azibo,FALSE
ARD,Dorien,8,4,triadic,simultaneous,R,1,Riet,FALSE
ARD,Dorien,8,4,triadic,simultaneous,R,8,Azibo,TRUE
ARD,Dorien,8,5,triadic,cons_right,R,5,Riet,FALSE
ARD,Dorien,8,5,triadic,cons_right,R,8,Azibo,TRUE
ARD,Dorien,8,6,triadic,cons_right,R,2,Riet,FALSE
ARD,Dorien,8,6,triadic,cons_right,R,8,Azibo,TRUE
ARD,Dorien,8,7,triadic,cons_left,R,4,Riet,FALSE
ARD,Dorien,8,7,triadic,cons_left,R,8,Azibo,TRUE
ARD,Dorien,8,8,triadic,cons_left,R,4,Riet,FALSE
ARD,Dorien,8,8,triadic,cons_left,R,8,Azibo,TRUE
TSF,Frodo,16,1,dyadic,left,L,4,Sandra,TRUE
TSF,Frodo,16,2,dyadic,left,L,4,Sandra,TRUE
TSF,Frodo,16,3,dyadic,right,na,0,Tai,FALSE
TSF,Frodo,16,4,dyadic,right,R,1,Tai,TRUE
TSF,Frodo,16,5,dyadic,left,L,3,Sandra,TRUE
TSF,Frodo,16,6,dyadic,left,L,1,Sandra,TRUE
TSF,Frodo,16,7,dyadic,right,na,0,Tai,FALSE
TSF,Frodo,16,8,dyadic,right,R,3,Tai,TRUE
ARD,Dorien,9,1,dyadic,right,R,3,Riet,TRUE
ARD,Dorien,9,2,dyadic,right,na,0,Riet,FALSE
ARD,Dorien,9,3,dyadic,left,na,0,Azibo,FALSE
ARD,Dorien,9,4,dyadic,left,na,0,Azibo,FALSE
ARD,Dorien,9,5,dyadic,right,R,3,Riet,TRUE
ARD,Dorien,9,6,dyadic,right,R,4,Riet,TRUE
ARD,Dorien,9,7,dyadic,left,L,1,Azibo,TRUE
ARD,Dorien,9,8,dyadic,left,L,8,Azibo,TRUE
ARD,Dorien,10,1,triadic,simultaneous,na,0,Azibo,FALSE
ARD,Dorien,10,1,triadic,simultaneous,na,0,Riet,FALSE
ARD,Dorien,10,2,triadic,simultaneous,R,0,Azibo,FALSE
ARD,Dorien,10,2,triadic,simultaneous,R,1,Riet,TRUE
ARD,Dorien,10,3,triadic,simultaneous,R,5,Azibo,FALSE
ARD,Dorien,10,3,triadic,simultaneous,R,5,Riet,TRUE
ARD,Dorien,10,4,triadic,simultaneous,R,1,Azibo,FALSE
ARD,Dorien,10,4,triadic,simultaneous,R,1,Riet,TRUE
ARD,Dorien,10,5,triadic,cons_left,R,0,Azibo,FALSE
ARD,Dorien,10,5,triadic,cons_left,R,2,Riet,TRUE
ARD,Dorien,10,6,triadic,cons_left,L,8,Azibo,TRUE
ARD,Dorien,10,6,triadic,cons_left,L,4,Riet,FALSE
ARD,Dorien,10,7,triadic,cons_right,L,6,Azibo,TRUE
ARD,Dorien,10,7,triadic,cons_right,L,1,Riet,FALSE
ARD,Dorien,10,8,triadic,cons_right,L,8,Azibo,TRUE
ARD,Dorien,10,8,triadic,cons_right,L,2,Riet,FALSE
ARD,Dorien,11,1,dyadic,right,R,8,Azibo,TRUE
ARD,Dorien,11,2,dyadic,right,R,8,Azibo,TRUE
ARD,Dorien,11,3,dyadic,left,L,3,Riet,TRUE
ARD,Dorien,11,4,dyadic,left,L,1,Riet,TRUE
ARD,Dorien,11,5,dyadic,right,R,8,Azibo,TRUE
ARD,Dorien,11,6,dyadic,right,R,8,Azibo,TRUE
ARD,Dorien,11,7,dyadic,left,L,4,Riet,TRUE
ARD,Dorien,11,8,dyadic,left,L,3,Riet,TRUE
ARD,Dorien,12,1,triadic,cons_right,R,0,Riet,FALSE
ARD,Dorien,12,1,triadic,cons_right,R,7,Azibo,TRUE
ARD,Dorien,12,2,triadic,cons_right,R,1,Riet,FALSE
ARD,Dorien,12,2,triadic,cons_right,R,8,Azibo,TRUE
ARD,Dorien,12,3,triadic,cons_left,R,1,Riet,FALSE
ARD,Dorien,12,3,triadic,cons_left,R,8,Azibo,TRUE
ARD,Dorien,12,4,triadic,cons_left,R,0,Riet,FALSE
ARD,Dorien,12,4,triadic,cons_left,R,7,Azibo,TRUE
ARD,Dorien,12,5,triadic,simultaneous,R,1,Riet,FALSE
ARD,Dorien,12,5,triadic,simultaneous,R,6,Azibo,TRUE
ARD,Dorien,12,6,triadic,simultaneous,R,5,Riet,FALSE
ARD,Dorien,12,6,triadic,simultaneous,R,8,Azibo,TRUE
ARD,Dorien,12,7,triadic,simultaneous,R,3,Riet,FALSE
ARD,Dorien,12,7,triadic,simultaneous,R,8,Azibo,TRUE
ARD,Dorien,13,1,dyadic,left,L,6,Azibo,TRUE
ARD,Dorien,13,2,dyadic,left,L,6,Azibo,TRUE
ARD,Dorien,13,3,dyadic,right,R,4,Riet,TRUE
ARD,Dorien,13,4,dyadic,right,R,4,Riet,TRUE
ARD,Dorien,13,5,dyadic,left,L,6,Azibo,TRUE
ARD,Dorien,13,6,dyadic,left,L,8,Azibo,TRUE
ARD,Dorien,13,7,dyadic,right,na,0,Riet,FALSE
ARD,Dorien,13,8,dyadic,right,R,1,Riet,TRUE
ARD,Dorien,14,1,triadic,simultaneous,na,0,Azibo,FALSE
ARD,Dorien,14,1,triadic,simultaneous,na,0,Riet,FALSE
ARD,Dorien,14,2,triadic,simultaneous,L,5,Azibo,TRUE
ARD,Dorien,14,2,triadic,simultaneous,L,1,Riet,FALSE
ARD,Dorien,14,3,triadic,simultaneous,L,2,Azibo,TRUE
ARD,Dorien,14,3,triadic,simultaneous,L,0,Riet,FALSE
ARD,Dorien,14,4,triadic,simultaneous,R,5,Azibo,FALSE
ARD,Dorien,14,4,triadic,simultaneous,R,6,Riet,TRUE
ARD,Dorien,14,5,triadic,cons_right,L,4,Azibo,TRUE
ARD,Dorien,14,5,triadic,cons_right,L,1,Riet,FALSE
ARD,Dorien,14,6,triadic,cons_right,L,8,Azibo,TRUE
ARD,Dorien,14,6,triadic,cons_right,L,4,Riet,FALSE
ARD,Dorien,14,7,triadic,cons_left,R,3,Azibo,FALSE
ARD,Dorien,14,7,triadic,cons_left,R,7,Riet,TRUE
ARD,Dorien,14,8,triadic,cons_left,L,8,Azibo,TRUE
ARD,Dorien,14,8,triadic,cons_left,L,6,Riet,FALSE
SAT,Tai,1,1,triadic,cons_left,R,0,Azibo,FALSE
SAT,Tai,1,1,triadic,cons_left,R,3,Sandra,TRUE
SAT,Tai,1,2,triadic,cons_left,L,2,Azibo,TRUE
SAT,Tai,1,2,triadic,cons_left,L,2,Sandra,FALSE
SAT,Tai,1,3,triadic,cons_right,R,1,Azibo,FALSE
SAT,Tai,1,3,triadic,cons_right,R,5,Sandra,TRUE
SAT,Tai,1,4,triadic,cons_right,R,3,Azibo,FALSE
SAT,Tai,1,4,triadic,cons_right,R,4,Sandra,TRUE
SAT,Tai,1,5,triadic,simultaneous,R,4,Azibo,FALSE
SAT,Tai,1,5,triadic,simultaneous,R,4,Sandra,TRUE
SAT,Tai,1,6,triadic,simultaneous,L,4,Azibo,TRUE
SAT,Tai,1,6,triadic,simultaneous,L,2,Sandra,FALSE
SAT,Tai,1,7,triadic,simultaneous,R,2,Azibo,FALSE
SAT,Tai,1,7,triadic,simultaneous,R,3,Sandra,TRUE
SAT,Tai,1,8,triadic,simultaneous,R,0,Azibo,FALSE
SAT,Tai,1,8,triadic,simultaneous,R,4,Sandra,TRUE
FRS,Shanga,1,1,dyadic,right,R,6,Riet,TRUE
FRS,Shanga,1,2,dyadic,right,R,3,Riet,TRUE
FRS,Shanga,1,3,dyadic,left,L,7,Frodo,TRUE
FRS,Shanga,1,4,dyadic,left,L,8,Frodo,TRUE
FRS,Shanga,1,5,dyadic,right,R,7,Riet,TRUE
FRS,Shanga,1,6,dyadic,right,R,2,Riet,TRUE
FRS,Shanga,1,7,dyadic,left,L,8,Frodo,TRUE
FRS,Shanga,1,8,dyadic,left,L,6,Frodo,TRUE
SAT,Tai,2,1,dyadic,right,R,2,Sandra,TRUE
SAT,Tai,2,2,dyadic,right,R,4,Sandra,TRUE
SAT,Tai,2,3,dyadic,left,L,3,Azibo,TRUE
SAT,Tai,2,4,dyadic,left,L,3,Azibo,TRUE
SAT,Tai,2,5,dyadic,right,R,3,Sandra,TRUE
SAT,Tai,2,6,dyadic,right,R,1,Sandra,TRUE
SAT,Tai,2,7,dyadic,left,L,2,Azibo,TRUE
SAT,Tai,2,8,dyadic,left,L,2,Azibo,TRUE
FRS,Shanga,2,1,triadic,simultaneous,L,7,Frodo,TRUE
FRS,Shanga,2,1,triadic,simultaneous,L,2,Riet,FALSE
FRS,Shanga,2,2,triadic,simultaneous,R,3,Frodo,FALSE
FRS,Shanga,2,2,triadic,simultaneous,R,0,Riet,TRUE
FRS,Shanga,2,3,triadic,simultaneous,L,6,Frodo,TRUE
FRS,Shanga,2,3,triadic,simultaneous,L,0,Riet,FALSE
FRS,Shanga,2,4,triadic,simultaneous,L,8,Frodo,TRUE
FRS,Shanga,2,4,triadic,simultaneous,L,0,Riet,FALSE
FRS,Shanga,2,5,triadic,cons_left,L,8,Frodo,TRUE
FRS,Shanga,2,5,triadic,cons_left,L,0,Riet,FALSE
FRS,Shanga,2,6,triadic,cons_left,L,6,Frodo,TRUE
FRS,Shanga,2,6,triadic,cons_left,L,0,Riet,FALSE
FRS,Shanga,2,7,triadic,cons_right,R,6,Frodo,FALSE
FRS,Shanga,2,7,triadic,cons_right,R,7,Riet,TRUE
FRS,Shanga,2,8,triadic,cons_right,L,6,Frodo,TRUE
FRS,Shanga,2,8,triadic,cons_right,L,1,Riet,FALSE
SAT,Tai,3,1,triadic,simultaneous,L,2,Sandra,TRUE
SAT,Tai,3,1,triadic,simultaneous,L,0,Azibo,FALSE
SAT,Tai,3,2,triadic,simultaneous,L,3,Sandra,TRUE
SAT,Tai,3,2,triadic,simultaneous,L,1,Azibo,FALSE
SAT,Tai,3,3,triadic,simultaneous,L,2,Sandra,TRUE
SAT,Tai,3,3,triadic,simultaneous,L,0,Azibo,FALSE
SAT,Tai,3,4,triadic,simultaneous,L,2,Sandra,TRUE
SAT,Tai,3,4,triadic,simultaneous,L,0,Azibo,FALSE
SAT,Tai,3,5,triadic,cons_left,L,3,Sandra,TRUE
SAT,Tai,3,5,triadic,cons_left,L,4,Azibo,FALSE
SAT,Tai,3,6,triadic,cons_left,L,3,Sandra,TRUE
SAT,Tai,3,6,triadic,cons_left,L,2,Azibo,FALSE
SAT,Tai,3,7,triadic,cons_right,R,2,Sandra,FALSE
SAT,Tai,3,7,triadic,cons_right,R,4,Azibo,TRUE
SAT,Tai,3,8,triadic,cons_right,L,3,Sandra,TRUE
SAT,Tai,3,8,triadic,cons_right,L,1,Azibo,FALSE
FRS,Shanga,3,1,dyadic,right,R,8,Frodo,TRUE
FRS,Shanga,3,2,dyadic,right,R,7,Frodo,TRUE
FRS,Shanga,3,3,dyadic,left,L,6,Riet,TRUE
FRS,Shanga,3,4,dyadic,left,L,6,Riet,TRUE
FRS,Shanga,3,5,dyadic,right,R,3,Frodo,TRUE
FRS,Shanga,3,6,dyadic,right,R,4,Frodo,TRUE
FRS,Shanga,3,7,dyadic,left,L,1,Riet,TRUE
FRS,Shanga,3,8,dyadic,left,L,5,Riet,TRUE
SAT,Tai,4,1,dyadic,right,R,3,Azibo,TRUE
SAT,Tai,4,2,dyadic,right,R,2,Azibo,TRUE
SAT,Tai,4,3,dyadic,left,L,3,Sandra,TRUE
SAT,Tai,4,4,dyadic,left,L,4,Sandra,TRUE
SAT,Tai,4,5,dyadic,right,R,3,Azibo,TRUE
SAT,Tai,4,6,dyadic,right,R,2,Azibo,TRUE
SAT,Tai,4,7,dyadic,left,L,4,Sandra,TRUE
SAT,Tai,4,8,dyadic,left,L,2,Sandra,TRUE
FRS,Shanga,4,1,triadic,cons_right,R,0,Riet,FALSE
FRS,Shanga,4,1,triadic,cons_right,R,1,Frodo,TRUE
FRS,Shanga,4,2,triadic,cons_right,L,7,Riet,TRUE
FRS,Shanga,4,2,triadic,cons_right,L,5,Frodo,FALSE
FRS,Shanga,4,3,triadic,cons_left,R,3,Riet,FALSE
FRS,Shanga,4,3,triadic,cons_left,R,8,Frodo,TRUE
FRS,Shanga,4,4,triadic,cons_left,L,7,Riet,TRUE
FRS,Shanga,4,4,triadic,cons_left,L,8,Frodo,FALSE
FRS,Shanga,4,5,triadic,simultaneous,R,0,Riet,FALSE
FRS,Shanga,4,5,triadic,simultaneous,R,2,Frodo,TRUE
FRS,Shanga,4,6,triadic,simultaneous,L,3,Riet,TRUE
FRS,Shanga,4,6,triadic,simultaneous,L,2,Frodo,FALSE
FRS,Shanga,4,7,triadic,simultaneous,R,1,Riet,FALSE
FRS,Shanga,4,7,triadic,simultaneous,R,8,Frodo,TRUE
FRS,Shanga,4,8,triadic,simultaneous,L,3,Riet,TRUE
FRS,Shanga,4,8,triadic,simultaneous,L,4,Frodo,FALSE
SAT,Tai,5,1,triadic,cons_right,R,1,Azibo,FALSE
SAT,Tai,5,1,triadic,cons_right,R,3,Sandra,TRUE
SAT,Tai,5,2,triadic,cons_right,L,5,Azibo,TRUE
SAT,Tai,5,2,triadic,cons_right,L,3,Sandra,FALSE
SAT,Tai,5,3,triadic,cons_left,L,5,Azibo,TRUE
SAT,Tai,5,3,triadic,cons_left,L,2,Sandra,FALSE
SAT,Tai,5,4,triadic,cons_left,L,7,Azibo,TRUE
SAT,Tai,5,4,triadic,cons_left,L,4,Sandra,FALSE
SAT,Tai,5,5,triadic,simultaneous,L,5,Azibo,TRUE
SAT,Tai,5,5,triadic,simultaneous,L,5,Sandra,FALSE
SAT,Tai,5,6,triadic,simultaneous,L,6,Azibo,TRUE
SAT,Tai,5,6,triadic,simultaneous,L,5,Sandra,FALSE
SAT,Tai,5,7,triadic,simultaneous,L,4,Azibo,TRUE
SAT,Tai,5,7,triadic,simultaneous,L,4,Sandra,FALSE
SAT,Tai,5,8,triadic,simultaneous,L,6,Azibo,TRUE
SAT,Tai,5,8,triadic,simultaneous,L,4,Sandra,FALSE
FRS,Shanga,5,1,dyadic,left,na,0,Frodo,FALSE
FRS,Shanga,5,2,dyadic,left,L,7,Frodo,TRUE
FRS,Shanga,5,3,dyadic,right,R,4,Riet,TRUE
FRS,Shanga,5,4,dyadic,right,R,1,Riet,TRUE
FRS,Shanga,5,5,dyadic,left,L,2,Frodo,TRUE
FRS,Shanga,5,6,dyadic,left,na,0,Frodo,FALSE
FRS,Shanga,5,7,dyadic,right,R,5,Riet,TRUE
FRS,Shanga,5,8,dyadic,right,R,1,Riet,TRUE
SAT,Tai,6,1,dyadic,left,L,6,Azibo,TRUE
SAT,Tai,6,2,dyadic,left,L,4,Azibo,TRUE
SAT,Tai,6,3,dyadic,right,R,3,Sandra,TRUE
SAT,Tai,6,4,dyadic,right,R,3,Sandra,TRUE
SAT,Tai,6,5,dyadic,left,L,4,Azibo,TRUE
SAT,Tai,6,6,dyadic,left,L,3,Azibo,TRUE
SAT,Tai,6,7,dyadic,right,R,3,Sandra,TRUE
SAT,Tai,6,8,dyadic,right,R,3,Sandra,TRUE
FRS,Shanga,6,1,triadic,cons_left,na,0,Frodo,FALSE
FRS,Shanga,6,1,triadic,cons_left,na,0,Riet,FALSE
FRS,Shanga,6,2,triadic,cons_left,L,6,Frodo,TRUE
FRS,Shanga,6,2,triadic,cons_left,L,0,Riet,FALSE
FRS,Shanga,6,3,triadic,cons_right,L,4,Frodo,TRUE
FRS,Shanga,6,3,triadic,cons_right,L,0,Riet,FALSE
FRS,Shanga,6,4,triadic,cons_right,L,6,Frodo,TRUE
FRS,Shanga,6,4,triadic,cons_right,L,0,Riet,FALSE
FRS,Shanga,6,5,triadic,simultaneous,L,7,Frodo,TRUE
FRS,Shanga,6,5,triadic,simultaneous,L,0,Riet,FALSE
FRS,Shanga,6,6,triadic,simultaneous,L,4,Frodo,TRUE
FRS,Shanga,6,6,triadic,simultaneous,L,0,Riet,FALSE
FRS,Shanga,6,7,triadic,simultaneous,L,1,Frodo,TRUE
FRS,Shanga,6,7,triadic,simultaneous,L,0,Riet,FALSE
FRS,Shanga,6,8,triadic,simultaneous,L,5,Frodo,TRUE
FRS,Shanga,6,8,triadic,simultaneous,L,0,Riet,FALSE
SAT,Tai,7,1,triadic,cons_left,L,3,Sandra,TRUE
SAT,Tai,7,1,triadic,cons_left,L,1,Azibo,FALSE
SAT,Tai,7,2,triadic,cons_left,R,3,Sandra,FALSE
SAT,Tai,7,2,triadic,cons_left,R,3,Azibo,TRUE
SAT,Tai,7,3,triadic,cons_right,L,4,Sandra,TRUE
SAT,Tai,7,3,triadic,cons_right,L,3,Azibo,FALSE
SAT,Tai,7,4,triadic,cons_right,R,2,Sandra,FALSE
SAT,Tai,7,4,triadic,cons_right,R,2,Azibo,TRUE
SAT,Tai,7,5,triadic,simultaneous,R,4,Sandra,FALSE
SAT,Tai,7,5,triadic,simultaneous,R,6,Azibo,TRUE
SAT,Tai,7,6,triadic,simultaneous,L,4,Sandra,TRUE
SAT,Tai,7,6,triadic,simultaneous,L,3,Azibo,FALSE
SAT,Tai,7,7,triadic,simultaneous,R,3,Sandra,FALSE
SAT,Tai,7,7,triadic,simultaneous,R,5,Azibo,TRUE
SAT,Tai,7,8,triadic,simultaneous,L,4,Sandra,TRUE
SAT,Tai,7,8,triadic,simultaneous,L,5,Azibo,FALSE
FRS,Shanga,7,1,dyadic,right,R,2,Frodo,TRUE
FRS,Shanga,7,2,dyadic,right,R,2,Frodo,TRUE
FRS,Shanga,7,3,dyadic,left,L,8,Riet,TRUE
FRS,Shanga,7,4,dyadic,left,na,0,Riet,FALSE
FRS,Shanga,7,5,dyadic,right,R,2,Frodo,TRUE
FRS,Shanga,7,6,dyadic,right,R,3,Frodo,TRUE
FRS,Shanga,7,7,dyadic,left,L,6,Riet,TRUE
FRS,Shanga,7,8,dyadic,left,na,0,Riet,FALSE
SAT,Tai,8,1,dyadic,right,R,2,Azibo,TRUE
SAT,Tai,8,2,dyadic,right,R,2,Azibo,TRUE
SAT,Tai,8,3,dyadic,left,L,3,Sandra,TRUE
SAT,Tai,8,4,dyadic,left,L,2,Sandra,TRUE
SAT,Tai,8,5,dyadic,right,R,4,Azibo,TRUE
SAT,Tai,8,6,dyadic,right,R,2,Azibo,TRUE
SAT,Tai,8,7,dyadic,left,L,4,Sandra,TRUE
SAT,Tai,8,8,dyadic,left,L,4,Sandra,TRUE
FRS,Shanga,8,1,triadic,simultaneous,L,2,Riet,TRUE
FRS,Shanga,8,1,triadic,simultaneous,L,1,Frodo,FALSE
FRS,Shanga,8,2,triadic,simultaneous,R,1,Riet,FALSE
FRS,Shanga,8,2,triadic,simultaneous,R,5,Frodo,TRUE
FRS,Shanga,8,3,triadic,simultaneous,R,0,Riet,FALSE
FRS,Shanga,8,3,triadic,simultaneous,R,2,Frodo,TRUE
FRS,Shanga,8,4,triadic,simultaneous,R,0,Riet,FALSE
FRS,Shanga,8,4,triadic,simultaneous,R,5,Frodo,TRUE
FRS,Shanga,8,5,triadic,cons_left,R,0,Riet,FALSE
FRS,Shanga,8,5,triadic,cons_left,R,3,Frodo,TRUE
FRS,Shanga,8,6,triadic,cons_left,L,6,Riet,TRUE
FRS,Shanga,8,6,triadic,cons_left,L,0,Frodo,FALSE
FRS,Shanga,8,7,triadic,cons_right,L,7,Riet,TRUE
FRS,Shanga,8,7,triadic,cons_right,L,1,Frodo,FALSE
FRS,Shanga,8,8,triadic,cons_right,R,4,Riet,FALSE
FRS,Shanga,8,8,triadic,cons_right,R,5,Frodo,TRUE
SAT,Tai,9,1,triadic,simultaneous,L,6,Azibo,TRUE
SAT,Tai,9,1,triadic,simultaneous,L,5,Sandra,FALSE
SAT,Tai,9,2,triadic,simultaneous,R,2,Azibo,FALSE
SAT,Tai,9,2,triadic,simultaneous,R,4,Sandra,TRUE
SAT,Tai,9,3,triadic,simultaneous,L,7,Azibo,TRUE
SAT,Tai,9,3,triadic,simultaneous,L,4,Sandra,FALSE
SAT,Tai,9,4,triadic,simultaneous,L,4,Azibo,TRUE
SAT,Tai,9,4,triadic,simultaneous,L,6,Sandra,FALSE
SAT,Tai,9,5,triadic,cons_left,L,6,Azibo,TRUE
SAT,Tai,9,5,triadic,cons_left,L,5,Sandra,FALSE
SAT,Tai,9,6,triadic,cons_left,R,3,Azibo,FALSE
SAT,Tai,9,6,triadic,cons_left,R,5,Sandra,TRUE
SAT,Tai,9,7,triadic,cons_right,L,4,Azibo,TRUE
SAT,Tai,9,7,triadic,cons_right,L,3,Sandra,FALSE
SAT,Tai,9,8,triadic,cons_right,L,3,Azibo,TRUE
SAT,Tai,9,8,triadic,cons_right,L,1,Sandra,FALSE
FRS,Shanga,9,1,dyadic,right,R,5,Riet,TRUE
FRS,Shanga,9,2,dyadic,right,R,2,Riet,TRUE
FRS,Shanga,9,3,dyadic,left,L,7,Frodo,TRUE
FRS,Shanga,9,4,dyadic,left,L,4,Frodo,TRUE
FRS,Shanga,9,5,dyadic,right,na,0,Riet,FALSE
FRS,Shanga,9,6,dyadic,right,na,0,Riet,FALSE
FRS,Shanga,9,7,dyadic,left,L,2,Frodo,TRUE
FRS,Shanga,9,8,dyadic,left,L,3,Frodo,TRUE
SAT,Tai,10,1,dyadic,right,R,3,Sandra,TRUE
SAT,Tai,10,2,dyadic,right,R,2,Sandra,TRUE
SAT,Tai,10,3,dyadic,left,L,3,Azibo,TRUE
SAT,Tai,10,4,dyadic,left,L,4,Azibo,TRUE
SAT,Tai,10,5,dyadic,right,R,4,Sandra,TRUE
SAT,Tai,10,6,dyadic,right,R,2,Sandra,TRUE
SAT,Tai,10,7,dyadic,left,L,5,Azibo,TRUE
SAT,Tai,10,8,dyadic,left,L,4,Azibo,TRUE
FRS,Shanga,10,1,triadic,cons_right,R,2,Frodo,FALSE
FRS,Shanga,10,1,triadic,cons_right,R,8,Riet,TRUE
FRS,Shanga,10,2,triadic,cons_right,L,7,Frodo,TRUE
FRS,Shanga,10,2,triadic,cons_right,L,3,Riet,FALSE
FRS,Shanga,10,3,triadic,cons_left,L,5,Frodo,TRUE
FRS,Shanga,10,3,triadic,cons_left,L,3,Riet,FALSE
FRS,Shanga,10,4,triadic,cons_left,R,2,Frodo,FALSE
FRS,Shanga,10,4,triadic,cons_left,R,5,Riet,TRUE
FRS,Shanga,10,5,triadic,simultaneous,R,3,Frodo,FALSE
FRS,Shanga,10,5,triadic,simultaneous,R,7,Riet,TRUE
FRS,Shanga,10,6,triadic,simultaneous,L,6,Frodo,TRUE
FRS,Shanga,10,6,triadic,simultaneous,L,5,Riet,FALSE
FRS,Shanga,10,7,triadic,simultaneous,L,5,Frodo,TRUE
FRS,Shanga,10,7,triadic,simultaneous,L,4,Riet,FALSE
FRS,Shanga,10,8,triadic,simultaneous,R,5,Frodo,FALSE
FRS,Shanga,10,8,triadic,simultaneous,R,8,Riet,TRUE
FRS,Shanga,11,1,dyadic,left,L,4,Riet,TRUE
FRS,Shanga,11,2,dyadic,left,L,7,Riet,TRUE
FRS,Shanga,11,3,dyadic,right,na,0,Frodo,FALSE
FRS,Shanga,11,4,dyadic,right,R,1,Frodo,TRUE
FRS,Shanga,11,5,dyadic,left,L,2,Riet,TRUE
FRS,Shanga,11,6,dyadic,left,L,8,Riet,TRUE
FRS,Shanga,11,7,dyadic,right,R,1,Frodo,TRUE
FRS,Shanga,11,8,dyadic,right,R,1,Frodo,TRUE
FRS,Shanga,12,1,triadic,simultaneous,L,4,Riet,TRUE
FRS,Shanga,12,1,triadic,simultaneous,L,1,Frodo,FALSE
FRS,Shanga,12,2,triadic,simultaneous,L,8,Riet,TRUE
FRS,Shanga,12,2,triadic,simultaneous,L,2,Frodo,FALSE
FRS,Shanga,12,3,triadic,simultaneous,L,3,Riet,TRUE
FRS,Shanga,12,3,triadic,simultaneous,L,1,Frodo,FALSE
FRS,Shanga,12,4,triadic,simultaneous,L,3,Riet,TRUE
FRS,Shanga,12,4,triadic,simultaneous,L,2,Frodo,FALSE
FRS,Shanga,12,5,triadic,cons_right,L,2,Riet,TRUE
FRS,Shanga,12,5,triadic,cons_right,L,0,Frodo,FALSE
FRS,Shanga,12,6,triadic,cons_right,R,0,Riet,FALSE
FRS,Shanga,12,6,triadic,cons_right,R,6,Frodo,TRUE
FRS,Shanga,12,7,triadic,cons_left,R,0,Riet,FALSE
FRS,Shanga,12,7,triadic,cons_left,R,1,Frodo,TRUE
FRS,Shanga,12,8,triadic,cons_left,R,0,Riet,FALSE
FRS,Shanga,12,8,triadic,cons_left,R,1,Frodo,TRUE
SAT,Tai,11,1,triadic,cons_right,R,2,Sandra,FALSE
SAT,Tai,11,1,triadic,cons_right,R,2,Azibo,TRUE
SAT,Tai,11,2,triadic,cons_right,L,5,Sandra,TRUE
SAT,Tai,11,2,triadic,cons_right,L,4,Azibo,FALSE
SAT,Tai,11,3,triadic,cons_left,L,4,Sandra,TRUE
SAT,Tai,11,3,triadic,cons_left,L,3,Azibo,FALSE
SAT,Tai,11,4,triadic,cons_left,R,3,Sandra,FALSE
SAT,Tai,11,4,triadic,cons_left,R,5,Azibo,TRUE
SAT,Tai,11,5,triadic,simultaneous,L,5,Sandra,TRUE
SAT,Tai,11,5,triadic,simultaneous,L,3,Azibo,FALSE
SAT,Tai,11,6,triadic,simultaneous,R,3,Sandra,FALSE
SAT,Tai,11,6,triadic,simultaneous,R,5,Azibo,TRUE
SAT,Tai,11,7,triadic,simultaneous,L,4,Sandra,TRUE
SAT,Tai,11,7,triadic,simultaneous,L,3,Azibo,FALSE
SAT,Tai,11,8,triadic,simultaneous,L,3,Sandra,TRUE
SAT,Tai,11,8,triadic,simultaneous,L,3,Azibo,FALSE
SAT,Tai,12,1,dyadic,left,L,6,Sandra,TRUE
SAT,Tai,12,2,dyadic,left,L,5,Sandra,TRUE
SAT,Tai,12,3,dyadic,right,R,3,Azibo,TRUE
SAT,Tai,12,4,dyadic,right,R,4,Azibo,TRUE
SAT,Tai,12,5,dyadic,left,L,4,Sandra,TRUE
SAT,Tai,12,6,dyadic,left,L,3,Sandra,TRUE
SAT,Tai,12,7,dyadic,right,R,4,Azibo,TRUE
SAT,Tai,12,8,dyadic,right,R,4,Azibo,TRUE
FRS,Shanga,13,1,dyadic,left,L,6,Frodo,TRUE
FRS,Shanga,13,2,dyadic,left,L,3,Frodo,TRUE
FRS,Shanga,13,3,dyadic,right,R,2,Riet,TRUE
FRS,Shanga,13,4,dyadic,right,na,0,Riet,FALSE
FRS,Shanga,13,5,dyadic,left,L,1,Frodo,TRUE
FRS,Shanga,13,6,dyadic,left,L,5,Frodo,TRUE
FRS,Shanga,13,7,dyadic,right,na,0,Riet,FALSE
FRS,Shanga,13,8,dyadic,right,R,3,Riet,TRUE
SAT,Tai,13,1,triadic,simultaneous,L,5,Azibo,TRUE
SAT,Tai,13,1,triadic,simultaneous,L,6,Sandra,FALSE
SAT,Tai,13,2,triadic,simultaneous,L,5,Azibo,TRUE
SAT,Tai,13,2,triadic,simultaneous,L,3,Sandra,FALSE
SAT,Tai,13,3,triadic,simultaneous,L,4,Azibo,TRUE
SAT,Tai,13,3,triadic,simultaneous,L,4,Sandra,FALSE
SAT,Tai,13,4,triadic,simultaneous,L,5,Azibo,TRUE
SAT,Tai,13,4,triadic,simultaneous,L,4,Sandra,FALSE
SAT,Tai,13,5,triadic,cons_right,L,4,Azibo,TRUE
SAT,Tai,13,5,triadic,cons_right,L,3,Sandra,FALSE
SAT,Tai,13,6,triadic,cons_right,L,5,Azibo,TRUE
SAT,Tai,13,6,triadic,cons_right,L,3,Sandra,FALSE
SAT,Tai,13,7,triadic,cons_left,L,5,Azibo,TRUE
SAT,Tai,13,7,triadic,cons_left,L,4,Sandra,FALSE
SAT,Tai,13,8,triadic,cons_left,L,4,Azibo,TRUE
SAT,Tai,13,8,triadic,cons_left,L,4,Sandra,FALSE
FRS,Shanga,14,1,triadic,simultaneous,na,0,Frodo,FALSE
FRS,Shanga,14,1,triadic,simultaneous,na,0,Riet,FALSE
FRS,Shanga,14,2,triadic,simultaneous,L,2,Frodo,TRUE
FRS,Shanga,14,2,triadic,simultaneous,L,0,Riet,FALSE
FRS,Shanga,14,3,triadic,simultaneous,R,3,Frodo,FALSE
FRS,Shanga,14,3,triadic,simultaneous,R,5,Riet,TRUE
FRS,Shanga,14,4,triadic,simultaneous,L,1,Frodo,TRUE
FRS,Shanga,14,4,triadic,simultaneous,L,0,Riet,FALSE
FRS,Shanga,14,5,triadic,cons_right,L,2,Frodo,TRUE
FRS,Shanga,14,5,triadic,cons_right,L,0,Riet,FALSE
FRS,Shanga,14,6,triadic,cons_right,R,1,Frodo,FALSE
FRS,Shanga,14,6,triadic,cons_right,R,2,Riet,TRUE
FRS,Shanga,14,7,triadic,cons_left,L,3,Frodo,TRUE
FRS,Shanga,14,7,triadic,cons_left,L,0,Riet,FALSE
FRS,Shanga,14,8,triadic,cons_left,L,4,Frodo,TRUE
FRS,Shanga,14,8,triadic,cons_left,L,0,Riet,FALSE
SAT,Tai,14,1,dyadic,left,L,3,Azibo,TRUE
SAT,Tai,14,2,dyadic,left,L,3,Azibo,TRUE
SAT,Tai,14,3,dyadic,right,R,2,Sandra,TRUE
SAT,Tai,14,4,dyadic,right,R,3,Sandra,TRUE
SAT,Tai,14,5,dyadic,left,L,4,Azibo,TRUE
SAT,Tai,14,6,dyadic,left,L,2,Azibo,TRUE
SAT,Tai,14,7,dyadic,right,R,2,Sandra,TRUE
SAT,Tai,14,8,dyadic,right,R,3,Sandra,TRUE
FRS,Shanga,15,1,dyadic,left,L,3,Riet,TRUE
FRS,Shanga,15,2,dyadic,left,L,1,Riet,TRUE
FRS,Shanga,15,3,dyadic,right,R,1,Frodo,TRUE
FRS,Shanga,15,4,dyadic,right,R,1,Frodo,TRUE
FRS,Shanga,15,5,dyadic,left,na,0,Riet,FALSE
FRS,Shanga,15,6,dyadic,left,L,2,Riet,TRUE
FRS,Shanga,15,7,dyadic,right,R,1,Frodo,TRUE
FRS,Shanga,15,8,dyadic,right,R,1,Frodo,TRUE
SAT,Tai,15,1,triadic,simultaneous,L,2,Sandra,TRUE
SAT,Tai,15,1,triadic,simultaneous,L,2,Azibo,FALSE
SAT,Tai,15,2,triadic,simultaneous,L,3,Sandra,TRUE
SAT,Tai,15,2,triadic,simultaneous,L,1,Azibo,FALSE
SAT,Tai,15,3,triadic,simultaneous,R,2,Sandra,FALSE
SAT,Tai,15,3,triadic,simultaneous,R,5,Azibo,TRUE
SAT,Tai,15,4,triadic,simultaneous,L,4,Sandra,TRUE
SAT,Tai,15,4,triadic,simultaneous,L,3,Azibo,FALSE
SAT,Tai,15,5,triadic,cons_right,L,4,Sandra,TRUE
SAT,Tai,15,5,triadic,cons_right,L,2,Azibo,FALSE
SAT,Tai,15,6,triadic,cons_right,L,3,Sandra,TRUE
SAT,Tai,15,6,triadic,cons_right,L,3,Azibo,FALSE
SAT,Tai,15,7,triadic,cons_left,R,2,Sandra,FALSE
SAT,Tai,15,7,triadic,cons_left,R,3,Azibo,TRUE
SAT,Tai,15,8,triadic,cons_left,L,3,Sandra,TRUE
SAT,Tai,15,8,triadic,cons_left,L,3,Azibo,FALSE
FRS,Shanga,16,1,triadic,cons_left,R,0,Riet,FALSE
FRS,Shanga,16,1,triadic,cons_left,R,2,Frodo,TRUE
FRS,Shanga,16,2,triadic,cons_left,na,0,Riet,FALSE
FRS,Shanga,16,2,triadic,cons_left,na,0,Frodo,FALSE
FRS,Shanga,16,3,triadic,cons_right,L,3,Riet,TRUE
FRS,Shanga,16,3,triadic,cons_right,L,2,Frodo,FALSE
FRS,Shanga,16,4,triadic,cons_right,R,2,Riet,FALSE
FRS,Shanga,16,4,triadic,cons_right,R,3,Frodo,TRUE
FRS,Shanga,16,5,triadic,simultaneous,L,1,Riet,TRUE
FRS,Shanga,16,5,triadic,simultaneous,L,0,Frodo,FALSE
FRS,Shanga,16,6,triadic,simultaneous,L,4,Riet,TRUE
FRS,Shanga,16,6,triadic,simultaneous,L,3,Frodo,FALSE
FRS,Shanga,16,7,triadic,simultaneous,na,0,Riet,FALSE
FRS,Shanga,16,7,triadic,simultaneous,na,0,Frodo,FALSE
FRS,Shanga,16,8,triadic,simultaneous,R,1,Riet,FALSE
FRS,Shanga,16,8,triadic,simultaneous,R,3,Frodo,TRUE
SAT,Tai,16,1,dyadic,left,L,4,Sandra,TRUE
SAT,Tai,16,2,dyadic,left,L,6,Sandra,TRUE
SAT,Tai,16,3,dyadic,right,R,2,Azibo,TRUE
SAT,Tai,16,4,dyadic,right,na,0,Azibo,FALSE
SAT,Tai,16,5,dyadic,left,L,4,Sandra,TRUE
SAT,Tai,16,6,dyadic,left,L,3,Sandra,TRUE
SAT,Tai,16,7,dyadic,right,R,3,Azibo,TRUE
SAT,Tai,16,8,dyadic,right,R,4,Azibo,TRUE
RST,Sandra,1,1,triadic,simultaneous,R,0,Tai,FALSE
RST,Sandra,1,1,triadic,simultaneous,R,4,Riet,TRUE
RST,Sandra,1,2,triadic,simultaneous,na,0,Tai,FALSE
RST,Sandra,1,2,triadic,simultaneous,na,0,Riet,FALSE
RST,Sandra,1,3,triadic,simultaneous,L,1,Tai,TRUE
RST,Sandra,1,3,triadic,simultaneous,L,6,Riet,FALSE
RST,Sandra,1,4,triadic,simultaneous,R,0,Tai,FALSE
RST,Sandra,1,4,triadic,simultaneous,R,6,Riet,TRUE
RST,Sandra,1,5,triadic,cons_left,na,0,Tai,FALSE
RST,Sandra,1,5,triadic,cons_left,na,0,Riet,FALSE
RST,Sandra,1,6,triadic,cons_left,R,3,Tai,FALSE
RST,Sandra,1,6,triadic,cons_left,R,7,Riet,TRUE
RST,Sandra,1,7,triadic,cons_right,R,2,Tai,FALSE
RST,Sandra,1,7,triadic,cons_right,R,4,Riet,TRUE
RST,Sandra,1,8,triadic,cons_right,L,1,Tai,TRUE
RST,Sandra,1,8,triadic,cons_right,L,2,Riet,FALSE
RST,Sandra,2,1,dyadic,right,R,8,Riet,TRUE
RST,Sandra,2,2,dyadic,right,R,4,Riet,TRUE
RST,Sandra,2,3,dyadic,left,na,0,Tai,FALSE
RST,Sandra,2,4,dyadic,left,na,0,Tai,FALSE
RST,Sandra,2,5,dyadic,right,R,7,Riet,TRUE
RST,Sandra,2,6,dyadic,right,R,1,Riet,TRUE
RST,Sandra,2,7,dyadic,left,na,0,Tai,FALSE
RST,Sandra,2,8,dyadic,left,na,0,Tai,FALSE
RST,Sandra,3,1,triadic,cons_right,R,1,Riet,FALSE
RST,Sandra,3,1,triadic,cons_right,R,0,Tai,TRUE
RST,Sandra,3,2,triadic,cons_right,L,3,Riet,TRUE
RST,Sandra,3,2,triadic,cons_right,L,1,Tai,FALSE
RST,Sandra,3,3,triadic,cons_left,L,5,Riet,TRUE
RST,Sandra,3,3,triadic,cons_left,L,0,Tai,FALSE
RST,Sandra,3,4,triadic,cons_left,L,7,Riet,TRUE
RST,Sandra,3,4,triadic,cons_left,L,1,Tai,FALSE
RST,Sandra,3,5,triadic,simultaneous,R,1,Riet,FALSE
RST,Sandra,3,5,triadic,simultaneous,R,4,Tai,TRUE
RST,Sandra,3,6,triadic,simultaneous,L,3,Riet,TRUE
RST,Sandra,3,6,triadic,simultaneous,L,0,Tai,FALSE
RST,Sandra,3,7,triadic,simultaneous,L,5,Riet,TRUE
RST,Sandra,3,7,triadic,simultaneous,L,2,Tai,FALSE
RST,Sandra,3,8,triadic,simultaneous,L,3,Riet,TRUE
RST,Sandra,3,8,triadic,simultaneous,L,3,Tai,FALSE
RST,Sandra,4,1,dyadic,left,L,1,Riet,TRUE
RST,Sandra,4,2,dyadic,left,L,3,Riet,TRUE
RST,Sandra,4,3,dyadic,right,na,0,Tai,FALSE
RST,Sandra,4,4,dyadic,right,R,1,Tai,TRUE
RST,Sandra,4,5,dyadic,left,L,4,Riet,TRUE
RST,Sandra,4,6,dyadic,left,L,6,Riet,TRUE
RST,Sandra,4,7,dyadic,right,R,3,Tai,TRUE
RST,Sandra,4,8,dyadic,right,R,1,Tai,TRUE
RST,Sandra,5,1,triadic,cons_right,R,0,Tai,FALSE
RST,Sandra,5,1,triadic,cons_right,R,5,Riet,TRUE
RST,Sandra,5,2,triadic,cons_right,L,7,Tai,TRUE
RST,Sandra,5,2,triadic,cons_right,L,3,Riet,FALSE
RST,Sandra,5,3,triadic,cons_left,R,3,Tai,FALSE
RST,Sandra,5,3,triadic,cons_left,R,4,Riet,TRUE
RST,Sandra,5,4,triadic,cons_left,R,0,Tai,FALSE
RST,Sandra,5,4,triadic,cons_left,R,6,Riet,TRUE
RST,Sandra,5,5,triadic,simultaneous,L,5,Tai,TRUE
RST,Sandra,5,5,triadic,simultaneous,L,5,Riet,FALSE
RST,Sandra,5,6,triadic,simultaneous,R,1,Tai,FALSE
RST,Sandra,5,6,triadic,simultaneous,R,3,Riet,TRUE
RST,Sandra,5,7,triadic,simultaneous,L,6,Tai,TRUE
RST,Sandra,5,7,triadic,simultaneous,L,3,Riet,FALSE
RST,Sandra,5,8,triadic,simultaneous,R,6,Tai,FALSE
RST,Sandra,5,8,triadic,simultaneous,R,5,Riet,TRUE
RST,Sandra,6,1,dyadic,right,R,7,Riet,TRUE
RST,Sandra,6,2,dyadic,right,R,6,Riet,TRUE
RST,Sandra,6,3,dyadic,left,na,0,Tai,FALSE
RST,Sandra,6,4,dyadic,left,L,6,Tai,TRUE
RST,Sandra,6,5,dyadic,right,R,5,Riet,TRUE
RST,Sandra,6,6,dyadic,right,R,7,Riet,TRUE
RST,Sandra,6,7,dyadic,left,L,8,Tai,TRUE
RST,Sandra,6,8,dyadic,left,L,4,Tai,TRUE
RST,Sandra,7,1,triadic,simultaneous,R,3,Riet,FALSE
RST,Sandra,7,1,triadic,simultaneous,R,4,Tai,TRUE
RST,Sandra,7,2,triadic,simultaneous,L,6,Riet,TRUE
RST,Sandra,7,2,triadic,simultaneous,L,3,Tai,FALSE
RST,Sandra,7,3,triadic,simultaneous,R,3,Riet,FALSE
RST,Sandra,7,3,triadic,simultaneous,R,4,Tai,TRUE
RST,Sandra,7,4,triadic,simultaneous,R,0,Riet,FALSE
RST,Sandra,7,4,triadic,simultaneous,R,5,Tai,TRUE
RST,Sandra,7,5,triadic,cons_left,L,6,Riet,TRUE
RST,Sandra,7,5,triadic,cons_left,L,0,Tai,FALSE
RST,Sandra,7,6,triadic,cons_left,R,3,Riet,FALSE
RST,Sandra,7,6,triadic,cons_left,R,4,Tai,TRUE
RST,Sandra,7,7,triadic,cons_right,L,4,Riet,TRUE
RST,Sandra,7,7,triadic,cons_right,L,0,Tai,FALSE
RST,Sandra,7,8,triadic,cons_right,na,0,Riet,FALSE
RST,Sandra,7,8,triadic,cons_right,na,1,Tai,FALSE
RST,Sandra,8,1,dyadic,right,na,0,Tai,FALSE
RST,Sandra,8,2,dyadic,right,R,3,Tai,TRUE
RST,Sandra,8,3,dyadic,left,L,5,Riet,TRUE
RST,Sandra,8,4,dyadic,left,L,5,Riet,TRUE
RST,Sandra,8,5,dyadic,right,na,0,Tai,FALSE
RST,Sandra,8,6,dyadic,right,R,6,Tai,TRUE
RST,Sandra,8,7,dyadic,left,na,1,Riet,FALSE
RST,Sandra,8,8,dyadic,left,L,1,Riet,TRUE
RST,Sandra,9,1,triadic,cons_left,R,4,Tai,FALSE
RST,Sandra,9,1,triadic,cons_left,R,6,Riet,TRUE
RST,Sandra,9,2,triadic,cons_left,L,5,Tai,TRUE
RST,Sandra,9,2,triadic,cons_left,L,1,Riet,FALSE
RST,Sandra,9,3,triadic,cons_right,L,7,Tai,TRUE
RST,Sandra,9,3,triadic,cons_right,L,7,Riet,FALSE
RST,Sandra,9,4,triadic,cons_right,L,6,Tai,TRUE
RST,Sandra,9,4,triadic,cons_right,L,2,Riet,FALSE
RST,Sandra,9,5,triadic,simultaneous,L,3,Tai,TRUE
RST,Sandra,9,5,triadic,simultaneous,L,2,Riet,FALSE
RST,Sandra,9,6,triadic,simultaneous,L,2,Tai,TRUE
RST,Sandra,9,6,triadic,simultaneous,L,1,Riet,FALSE
RST,Sandra,9,7,triadic,simultaneous,L,3,Tai,TRUE
RST,Sandra,9,7,triadic,simultaneous,L,0,Riet,FALSE
RST,Sandra,9,8,triadic,simultaneous,L,1,Tai,TRUE
RST,Sandra,9,8,triadic,simultaneous,L,0,Riet,FALSE
RST,Sandra,10,1,dyadic,left,L,7,Tai,TRUE
RST,Sandra,10,2,dyadic,left,L,2,Tai,TRUE
RST,Sandra,10,3,dyadic,right,na,0,Riet,FALSE
RST,Sandra,10,4,dyadic,right,R,5,Riet,TRUE
RST,Sandra,10,5,dyadic,left,na,0,Tai,FALSE
RST,Sandra,10,6,dyadic,left,L,1,Tai,TRUE
RST,Sandra,10,7,dyadic,right,R,8,Riet,TRUE
RST,Sandra,10,8,dyadic,right,R,3,Riet,TRUE
RST,Sandra,11,1,triadic,simultaneous,L,2,Riet,TRUE
RST,Sandra,11,1,triadic,simultaneous,L,2,Tai,FALSE
RST,Sandra,11,2,triadic,simultaneous,R,2,Riet,FALSE
RST,Sandra,11,2,triadic,simultaneous,R,3,Tai,TRUE
RST,Sandra,11,3,triadic,simultaneous,R,2,Riet,FALSE
RST,Sandra,11,3,triadic,simultaneous,R,5,Tai,TRUE
RST,Sandra,11,4,triadic,simultaneous,R,0,Riet,FALSE
RST,Sandra,11,4,triadic,simultaneous,R,1,Tai,TRUE
RST,Sandra,11,5,triadic,cons_right,L,2,Riet,TRUE
RST,Sandra,11,5,triadic,cons_right,L,4,Tai,FALSE
RST,Sandra,11,6,triadic,cons_right,L,3,Riet,TRUE
RST,Sandra,11,6,triadic,cons_right,L,1,Tai,FALSE
RST,Sandra,11,7,triadic,cons_left,L,5,Riet,TRUE
RST,Sandra,11,7,triadic,cons_left,L,0,Tai,FALSE
RST,Sandra,11,8,triadic,cons_left,L,5,Riet,TRUE
RST,Sandra,11,8,triadic,cons_left,L,4,Tai,FALSE
RST,Sandra,12,1,dyadic,left,L,3,Riet,TRUE
RST,Sandra,12,2,dyadic,left,L,2,Riet,TRUE
RST,Sandra,12,3,dyadic,right,R,2,Tai,TRUE
RST,Sandra,12,4,dyadic,right,R,3,Tai,TRUE
RST,Sandra,12,5,dyadic,left,L,3,Riet,TRUE
RST,Sandra,12,6,dyadic,left,L,3,Riet,TRUE
RST,Sandra,12,7,dyadic,right,na,0,Tai,FALSE
RST,Sandra,12,8,dyadic,right,R,6,Tai,TRUE
RST,Sandra,13,1,triadic,simultaneous,L,6,Tai,TRUE
RST,Sandra,13,1,triadic,simultaneous,L,4,Riet,FALSE
RST,Sandra,13,2,triadic,simultaneous,R,1,Tai,FALSE
RST,Sandra,13,2,triadic,simultaneous,R,4,Riet,TRUE
RST,Sandra,13,3,triadic,simultaneous,R,3,Tai,FALSE
RST,Sandra,13,3,triadic,simultaneous,R,4,Riet,TRUE
RST,Sandra,13,4,triadic,simultaneous,R,1,Tai,FALSE
RST,Sandra,13,4,triadic,simultaneous,R,3,Riet,TRUE
RST,Sandra,13,5,triadic,cons_right,L,5,Tai,TRUE
RST,Sandra,13,5,triadic,cons_right,L,2,Riet,FALSE
RST,Sandra,13,6,triadic,cons_right,L,3,Tai,TRUE
RST,Sandra,13,6,triadic,cons_right,L,3,Riet,FALSE
RST,Sandra,13,7,triadic,cons_left,R,4,Tai,FALSE
RST,Sandra,13,7,triadic,cons_left,R,6,Riet,TRUE
RST,Sandra,13,8,triadic,cons_left,R,0,Tai,FALSE
RST,Sandra,13,8,triadic,cons_left,R,5,Riet,TRUE
RST,Sandra,14,1,dyadic,left,L,1,Tai,TRUE
RST,Sandra,14,2,dyadic,left,na,0,Tai,FALSE
RST,Sandra,14,3,dyadic,right,R,7,Riet,TRUE
RST,Sandra,14,4,dyadic,right,R,4,Riet,TRUE
RST,Sandra,14,5,dyadic,left,na,0,Tai,FALSE
RST,Sandra,14,6,dyadic,left,na,0,Tai,FALSE
RST,Sandra,14,7,dyadic,right,R,5,Riet,TRUE
RST,Sandra,14,8,dyadic,right,R,3,Riet,TRUE
RST,Sandra,15,1,triadic,cons_left,L,1,Riet,TRUE
RST,Sandra,15,1,triadic,cons_left,L,0,Tai,FALSE
RST,Sandra,15,2,triadic,cons_left,L,7,Riet,TRUE
RST,Sandra,15,2,triadic,cons_left,L,3,Tai,FALSE
RST,Sandra,15,3,triadic,cons_right,L,7,Riet,TRUE
RST,Sandra,15,3,triadic,cons_right,L,4,Tai,FALSE
RST,Sandra,15,4,triadic,cons_right,L,7,Riet,TRUE
RST,Sandra,15,4,triadic,cons_right,L,4,Tai,FALSE
RST,Sandra,15,5,triadic,simultaneous,L,5,Riet,TRUE
RST,Sandra,15,5,triadic,simultaneous,L,0,Tai,FALSE
RST,Sandra,15,6,triadic,simultaneous,R,3,Riet,FALSE
RST,Sandra,15,6,triadic,simultaneous,R,5,Tai,TRUE
RST,Sandra,15,7,triadic,simultaneous,L,6,Riet,TRUE
RST,Sandra,15,7,triadic,simultaneous,L,6,Tai,FALSE
RST,Sandra,15,8,triadic,simultaneous,L,7,Riet,TRUE
RST,Sandra,15,8,triadic,simultaneous,L,2,Tai,FALSE
RST,Sandra,16,1,dyadic,right,R,5,Tai,TRUE
RST,Sandra,16,2,dyadic,right,R,5,Tai,TRUE
RST,Sandra,16,3,dyadic,left,L,5,Riet,TRUE
RST,Sandra,16,4,dyadic,left,L,6,Riet,TRUE
RST,Sandra,16,5,dyadic,right,R,8,Tai,TRUE
RST,Sandra,16,6,dyadic,right,na,0,Tai,FALSE
RST,Sandra,16,7,dyadic,left,L,7,Riet,TRUE
RST,Sandra,16,8,dyadic,left,L,4,Riet,TRUE
AFT,Azibo,1,1,dyadic,right,R,2,Frodo,TRUE
AFT,Azibo,1,2,dyadic,right,na,0,Frodo,FALSE
AFT,Azibo,1,3,dyadic,left,na,0,Tai,FALSE
AFT,Azibo,1,4,dyadic,left,L,5,Tai,TRUE
AFT,Azibo,1,5,dyadic,right,R,1,Frodo,TRUE
AFT,Azibo,1,6,dyadic,right,na,0,Frodo,FALSE
AFT,Azibo,1,7,dyadic,left,L,6,Tai,TRUE
AFT,Azibo,1,8,dyadic,left,L,5,Tai,TRUE
AFT,Azibo,2,1,triadic,cons_right,L,7,Tai,TRUE
AFT,Azibo,2,1,triadic,cons_right,L,4,Frodo,FALSE
AFT,Azibo,2,2,triadic,cons_right,L,6,Tai,TRUE
AFT,Azibo,2,2,triadic,cons_right,L,0,Frodo,FALSE
AFT,Azibo,2,3,triadic,cons_left,R,2,Tai,FALSE
AFT,Azibo,2,3,triadic,cons_left,R,0,Frodo,TRUE
AFT,Azibo,2,4,triadic,cons_left,R,2,Tai,FALSE
AFT,Azibo,2,4,triadic,cons_left,R,0,Frodo,TRUE
AFT,Azibo,2,5,triadic,simultaneous,R,0,Tai,FALSE
AFT,Azibo,2,5,triadic,simultaneous,R,2,Frodo,TRUE
AFT,Azibo,2,6,triadic,simultaneous,R,5,Tai,FALSE
AFT,Azibo,2,6,triadic,simultaneous,R,3,Frodo,TRUE
AFT,Azibo,2,7,triadic,simultaneous,R,2,Tai,FALSE
AFT,Azibo,2,7,triadic,simultaneous,R,0,Frodo,TRUE
AFT,Azibo,2,8,triadic,simultaneous,R,6,Tai,FALSE
AFT,Azibo,2,8,triadic,simultaneous,R,2,Frodo,TRUE
AFT,Azibo,3,1,dyadic,left,L,2,Frodo,TRUE
AFT,Azibo,3,2,dyadic,left,L,6,Frodo,TRUE
AFT,Azibo,3,3,dyadic,right,R,3,Tai,TRUE
AFT,Azibo,3,4,dyadic,right,R,3,Tai,TRUE
AFT,Azibo,3,5,dyadic,left,L,1,Frodo,TRUE
AFT,Azibo,3,6,dyadic,left,L,5,Frodo,TRUE
AFT,Azibo,3,7,dyadic,right,R,2,Tai,TRUE
AFT,Azibo,3,8,dyadic,right,na,0,Tai,FALSE
AFT,Azibo,4,1,triadic,cons_left,R,2,Frodo,FALSE
AFT,Azibo,4,1,triadic,cons_left,R,1,Tai,TRUE
AFT,Azibo,4,2,triadic,cons_left,L,4,Frodo,TRUE
AFT,Azibo,4,2,triadic,cons_left,L,2,Tai,FALSE
AFT,Azibo,4,3,triadic,cons_right,L,1,Frodo,TRUE
AFT,Azibo,4,3,triadic,cons_right,L,2,Tai,FALSE
AFT,Azibo,4,4,triadic,cons_right,R,4,Frodo,FALSE
AFT,Azibo,4,4,triadic,cons_right,R,5,Tai,TRUE
AFT,Azibo,4,5,triadic,simultaneous,L,5,Frodo,TRUE
AFT,Azibo,4,5,triadic,simultaneous,L,1,Tai,FALSE
AFT,Azibo,4,6,triadic,simultaneous,L,6,Frodo,TRUE
AFT,Azibo,4,6,triadic,simultaneous,L,0,Tai,FALSE
AFT,Azibo,4,7,triadic,simultaneous,L,6,Frodo,TRUE
AFT,Azibo,4,7,triadic,simultaneous,L,4,Tai,FALSE
AFT,Azibo,4,8,triadic,simultaneous,L,3,Frodo,TRUE
AFT,Azibo,4,8,triadic,simultaneous,L,4,Tai,FALSE
AFT,Azibo,5,1,dyadic,right,na,0,Frodo,FALSE
AFT,Azibo,5,2,dyadic,right,na,0,Frodo,FALSE
AFT,Azibo,5,3,dyadic,left,L,5,Tai,TRUE
AFT,Azibo,5,4,dyadic,left,L,7,Tai,TRUE
AFT,Azibo,5,5,dyadic,right,na,0,Frodo,FALSE
AFT,Azibo,5,6,dyadic,right,R,1,Frodo,TRUE
AFT,Azibo,5,7,dyadic,left,L,5,Tai,TRUE
AFT,Azibo,5,8,dyadic,left,L,7,Tai,TRUE
AFT,Azibo,6,1,triadic,simultaneous,L,1,Tai,TRUE
AFT,Azibo,6,1,triadic,simultaneous,L,0,Frodo,FALSE
AFT,Azibo,6,2,triadic,simultaneous,na,0,Tai,FALSE
AFT,Azibo,6,2,triadic,simultaneous,na,0,Frodo,FALSE
AFT,Azibo,6,3,triadic,simultaneous,L,6,Tai,TRUE
AFT,Azibo,6,3,triadic,simultaneous,L,1,Frodo,FALSE
AFT,Azibo,6,4,triadic,simultaneous,L,6,Tai,TRUE
AFT,Azibo,6,4,triadic,simultaneous,L,1,Frodo,FALSE
AFT,Azibo,6,5,triadic,cons_left,R,0,Tai,FALSE
AFT,Azibo,6,5,triadic,cons_left,R,3,Frodo,TRUE
AFT,Azibo,6,6,triadic,cons_left,L,6,Tai,TRUE
AFT,Azibo,6,6,triadic,cons_left,L,0,Frodo,FALSE
AFT,Azibo,6,7,triadic,cons_right,L,7,Tai,TRUE
AFT,Azibo,6,7,triadic,cons_right,L,2,Frodo,FALSE
AFT,Azibo,6,8,triadic,cons_right,L,5,Tai,TRUE
AFT,Azibo,6,8,triadic,cons_right,L,1,Frodo,FALSE
AFT,Azibo,7,1,dyadic,right,R,1,Tai,TRUE
AFT,Azibo,7,2,dyadic,right,R,3,Tai,TRUE
AFT,Azibo,7,3,dyadic,left,L,5,Frodo,TRUE
AFT,Azibo,7,4,dyadic,left,L,4,Frodo,TRUE
AFT,Azibo,7,5,dyadic,right,R,4,Tai,TRUE
AFT,Azibo,7,6,dyadic,right,R,4,Tai,TRUE
AFT,Azibo,7,7,dyadic,left,L,4,Frodo,TRUE
AFT,Azibo,7,8,dyadic,left,L,4,Frodo,TRUE
AFT,Azibo,8,1,triadic,cons_right,L,6,Frodo,TRUE
AFT,Azibo,8,1,triadic,cons_right,L,1,Tai,FALSE
AFT,Azibo,8,2,triadic,cons_right,L,6,Frodo,TRUE
AFT,Azibo,8,2,triadic,cons_right,L,6,Tai,FALSE
AFT,Azibo,8,3,triadic,cons_left,R,3,Frodo,FALSE
AFT,Azibo,8,3,triadic,cons_left,R,5,Tai,TRUE
AFT,Azibo,8,4,triadic,cons_left,R,1,Frodo,FALSE
AFT,Azibo,8,4,triadic,cons_left,R,3,Tai,TRUE
AFT,Azibo,8,5,triadic,simultaneous,L,5,Frodo,TRUE
AFT,Azibo,8,5,triadic,simultaneous,L,1,Tai,FALSE
AFT,Azibo,8,6,triadic,simultaneous,L,4,Frodo,TRUE
AFT,Azibo,8,6,triadic,simultaneous,L,4,Tai,FALSE
AFT,Azibo,8,7,triadic,simultaneous,L,5,Frodo,TRUE
AFT,Azibo,8,7,triadic,simultaneous,L,5,Tai,FALSE
AFT,Azibo,8,8,triadic,simultaneous,L,6,Frodo,TRUE
AFT,Azibo,8,8,triadic,simultaneous,L,6,Tai,FALSE
AFT,Azibo,9,1,dyadic,left,L,1,Tai,TRUE
AFT,Azibo,9,2,dyadic,left,L,4,Tai,TRUE
AFT,Azibo,9,3,dyadic,right,R,1,Frodo,TRUE
AFT,Azibo,9,4,dyadic,right,na,0,Frodo,FALSE
AFT,Azibo,9,5,dyadic,left,L,4,Tai,TRUE
AFT,Azibo,9,6,dyadic,left,na,0,Tai,FALSE
AFT,Azibo,9,7,dyadic,right,R,3,Frodo,TRUE
AFT,Azibo,9,8,dyadic,right,R,3,Frodo,TRUE
AFT,Azibo,10,1,triadic,simultaneous,R,2,Tai,FALSE
AFT,Azibo,10,1,triadic,simultaneous,R,2,Frodo,TRUE
AFT,Azibo,10,2,triadic,simultaneous,L,2,Tai,TRUE
AFT,Azibo,10,2,triadic,simultaneous,L,1,Frodo,FALSE
AFT,Azibo,10,3,triadic,simultaneous,L,3,Tai,TRUE
AFT,Azibo,10,3,triadic,simultaneous,L,1,Frodo,FALSE
AFT,Azibo,10,4,triadic,simultaneous,R,0,Tai,FALSE
AFT,Azibo,10,4,triadic,simultaneous,R,1,Frodo,TRUE
AFT,Azibo,10,5,triadic,cons_right,L,2,Tai,TRUE
AFT,Azibo,10,5,triadic,cons_right,L,2,Frodo,FALSE
AFT,Azibo,10,6,triadic,cons_right,R,0,Tai,FALSE
AFT,Azibo,10,6,triadic,cons_right,R,1,Frodo,TRUE
AFT,Azibo,10,7,triadic,cons_left,R,0,Tai,FALSE
AFT,Azibo,10,7,triadic,cons_left,R,2,Frodo,TRUE
AFT,Azibo,10,8,triadic,cons_left,R,1,Tai,FALSE
AFT,Azibo,10,8,triadic,cons_left,R,3,Frodo,TRUE
AFT,Azibo,11,1,dyadic,left,L,5,Frodo,TRUE
AFT,Azibo,11,2,dyadic,left,L,6,Frodo,TRUE
AFT,Azibo,11,3,dyadic,right,na,0,Tai,FALSE
AFT,Azibo,11,4,dyadic,right,R,3,Tai,TRUE
AFT,Azibo,11,5,dyadic,left,L,3,Frodo,TRUE
AFT,Azibo,11,6,dyadic,left,L,7,Frodo,TRUE
AFT,Azibo,11,7,dyadic,right,R,3,Tai,TRUE
AFT,Azibo,11,8,dyadic,right,R,1,Tai,TRUE
AFT,Azibo,12,1,triadic,simultaneous,L,3,Frodo,TRUE
AFT,Azibo,12,1,triadic,simultaneous,L,2,Tai,FALSE
AFT,Azibo,12,2,triadic,simultaneous,L,2,Frodo,TRUE
AFT,Azibo,12,2,triadic,simultaneous,L,3,Tai,FALSE
AFT,Azibo,12,3,triadic,simultaneous,L,4,Frodo,TRUE
AFT,Azibo,12,3,triadic,simultaneous,L,1,Tai,FALSE
AFT,Azibo,12,4,triadic,simultaneous,L,4,Frodo,TRUE
AFT,Azibo,12,4,triadic,simultaneous,L,4,Tai,FALSE
AFT,Azibo,12,5,triadic,cons_right,L,3,Frodo,TRUE
AFT,Azibo,12,5,triadic,cons_right,L,1,Tai,FALSE
AFT,Azibo,12,6,triadic,cons_right,R,2,Frodo,FALSE
AFT,Azibo,12,6,triadic,cons_right,R,6,Tai,TRUE
AFT,Azibo,12,7,triadic,cons_left,L,5,Frodo,TRUE
AFT,Azibo,12,7,triadic,cons_left,L,2,Tai,FALSE
AFT,Azibo,12,8,triadic,cons_left,L,6,Frodo,TRUE
AFT,Azibo,12,8,triadic,cons_left,L,3,Tai,FALSE
AFT,Azibo,13,1,dyadic,left,L,1,Tai,TRUE
AFT,Azibo,13,2,dyadic,left,na,0,Tai,FALSE
AFT,Azibo,13,3,dyadic,right,na,0,Frodo,FALSE
AFT,Azibo,13,4,dyadic,right,R,3,Frodo,TRUE
AFT,Azibo,13,5,dyadic,left,na,0,Tai,FALSE
AFT,Azibo,13,6,dyadic,left,L,2,Tai,TRUE
AFT,Azibo,13,7,dyadic,right,na,0,Frodo,FALSE
AFT,Azibo,13,8,dyadic,right,na,0,Frodo,FALSE
AFT,Azibo,14,1,triadic,cons_left,R,0,Tai,FALSE
AFT,Azibo,14,1,triadic,cons_left,R,2,Frodo,TRUE
AFT,Azibo,14,2,triadic,cons_left,R,0,Tai,FALSE
AFT,Azibo,14,2,triadic,cons_left,R,5,Frodo,TRUE
AFT,Azibo,14,3,triadic,cons_right,L,1,Tai,TRUE
AFT,Azibo,14,3,triadic,cons_right,L,3,Frodo,FALSE
AFT,Azibo,14,4,triadic,cons_right,R,0,Tai,FALSE
AFT,Azibo,14,4,triadic,cons_right,R,3,Frodo,TRUE
AFT,Azibo,14,5,triadic,simultaneous,R,0,Tai,FALSE
AFT,Azibo,14,5,triadic,simultaneous,R,5,Frodo,TRUE
AFT,Azibo,14,6,triadic,simultaneous,R,1,Tai,FALSE
AFT,Azibo,14,6,triadic,simultaneous,R,1,Frodo,TRUE
AFT,Azibo,14,7,triadic,simultaneous,R,0,Tai,FALSE
AFT,Azibo,14,7,triadic,simultaneous,R,2,Frodo,TRUE
AFT,Azibo,14,8,triadic,simultaneous,L,1,Tai,TRUE
AFT,Azibo,14,8,triadic,simultaneous,L,1,Frodo,FALSE
AFT,Azibo,15,1,dyadic,right,R,6,Tai,TRUE
AFT,Azibo,15,2,dyadic,right,R,3,Tai,TRUE
AFT,Azibo,15,3,dyadic,left,L,5,Frodo,TRUE
AFT,Azibo,15,4,dyadic,left,L,5,Frodo,TRUE
AFT,Azibo,15,5,dyadic,right,R,5,Tai,TRUE
AFT,Azibo,15,6,dyadic,right,R,2,Tai,TRUE
AFT,Azibo,15,7,dyadic,left,L,4,Frodo,TRUE
AFT,Azibo,15,8,dyadic,left,L,5,Frodo,TRUE
AFT,Azibo,16,1,triadic,simultaneous,L,5,Frodo,TRUE
AFT,Azibo,16,1,triadic,simultaneous,L,1,Tai,FALSE
AFT,Azibo,16,2,triadic,simultaneous,R,2,Frodo,FALSE
AFT,Azibo,16,2,triadic,simultaneous,R,2,Tai,TRUE
AFT,Azibo,16,3,triadic,simultaneous,L,4,Frodo,TRUE
AFT,Azibo,16,3,triadic,simultaneous,L,3,Tai,FALSE
AFT,Azibo,16,4,triadic,simultaneous,L,4,Frodo,TRUE
AFT,Azibo,16,4,triadic,simultaneous,L,2,Tai,FALSE
AFT,Azibo,16,5,triadic,cons_left,L,7,Frodo,TRUE
AFT,Azibo,16,5,triadic,cons_left,L,6,Tai,FALSE
AFT,Azibo,16,6,triadic,cons_left,L,5,Frodo,TRUE
AFT,Azibo,16,6,triadic,cons_left,L,1,Tai,FALSE
AFT,Azibo,16,7,triadic,cons_right,L,6,Frodo,TRUE
AFT,Azibo,16,7,triadic,cons_right,L,3,Tai,FALSE
AFT,Azibo,16,8,triadic,cons_right,L,3,Frodo,TRUE
AFT,Azibo,16,8,triadic,cons_right,L,7,Tai,FALSE
FSR,Riet,1,1,triadic,cons_right,L,1,Frodo,TRUE
FSR,Riet,1,1,triadic,cons_right,L,2,Sandra,FALSE
FSR,Riet,1,2,triadic,cons_right,L,6,Frodo,TRUE
FSR,Riet,1,2,triadic,cons_right,L,3,Sandra,FALSE
FSR,Riet,1,3,triadic,cons_left,R,3,Frodo,FALSE
FSR,Riet,1,3,triadic,cons_left,R,5,Sandra,TRUE
FSR,Riet,1,4,triadic,cons_left,L,5,Frodo,TRUE
FSR,Riet,1,4,triadic,cons_left,L,3,Sandra,FALSE
FSR,Riet,1,5,triadic,simultaneous,L,2,Frodo,TRUE
FSR,Riet,1,5,triadic,simultaneous,L,3,Sandra,FALSE
FSR,Riet,1,6,triadic,simultaneous,L,7,Frodo,TRUE
FSR,Riet,1,6,triadic,simultaneous,L,6,Sandra,FALSE
FSR,Riet,1,7,triadic,simultaneous,L,5,Frodo,TRUE
FSR,Riet,1,7,triadic,simultaneous,L,4,Sandra,FALSE
FSR,Riet,1,8,triadic,simultaneous,L,5,Frodo,TRUE
FSR,Riet,1,8,triadic,simultaneous,L,2,Sandra,FALSE
FSR,Riet,2,1,dyadic,left,L,4,Frodo,TRUE
FSR,Riet,2,2,dyadic,left,L,7,Frodo,TRUE
FSR,Riet,2,3,dyadic,right,R,4,Sandra,TRUE
FSR,Riet,2,4,dyadic,right,R,3,Sandra,TRUE
FSR,Riet,2,5,dyadic,left,L,5,Frodo,TRUE
FSR,Riet,2,6,dyadic,left,L,7,Frodo,TRUE
FSR,Riet,2,7,dyadic,right,R,3,Sandra,TRUE
FSR,Riet,2,8,dyadic,right,R,1,Sandra,TRUE
FSR,Riet,3,1,triadic,cons_left,L,3,Sandra,TRUE
FSR,Riet,3,1,triadic,cons_left,L,2,Frodo,FALSE
FSR,Riet,3,2,triadic,cons_left,L,3,Sandra,TRUE
FSR,Riet,3,2,triadic,cons_left,L,5,Frodo,FALSE
FSR,Riet,3,3,triadic,cons_right,L,2,Sandra,TRUE
FSR,Riet,3,3,triadic,cons_right,L,2,Frodo,FALSE
FSR,Riet,3,4,triadic,cons_right,L,2,Sandra,TRUE
FSR,Riet,3,4,triadic,cons_right,L,3,Frodo,FALSE
FSR,Riet,3,5,triadic,simultaneous,L,3,Sandra,TRUE
FSR,Riet,3,5,triadic,simultaneous,L,6,Frodo,FALSE
FSR,Riet,3,6,triadic,simultaneous,L,3,Sandra,TRUE
FSR,Riet,3,6,triadic,simultaneous,L,4,Frodo,FALSE
FSR,Riet,3,7,triadic,simultaneous,R,2,Sandra,FALSE
FSR,Riet,3,7,triadic,simultaneous,R,3,Frodo,TRUE
FSR,Riet,3,8,triadic,simultaneous,R,3,Sandra,FALSE
FSR,Riet,3,8,triadic,simultaneous,R,7,Frodo,TRUE
FSR,Riet,4,1,dyadic,right,R,2,Frodo,TRUE
FSR,Riet,4,2,dyadic,right,R,2,Frodo,TRUE
FSR,Riet,4,3,dyadic,left,L,5,Sandra,TRUE
FSR,Riet,4,4,dyadic,left,L,4,Sandra,TRUE
FSR,Riet,4,5,dyadic,right,R,1,Frodo,TRUE
FSR,Riet,4,6,dyadic,right,R,3,Frodo,TRUE
FSR,Riet,4,7,dyadic,left,L,5,Sandra,TRUE
FSR,Riet,4,8,dyadic,left,L,2,Sandra,TRUE
FSR,Riet,5,1,triadic,simultaneous,L,8,Frodo,TRUE
FSR,Riet,5,1,triadic,simultaneous,L,0,Sandra,FALSE
FSR,Riet,5,2,triadic,simultaneous,L,6,Frodo,TRUE
FSR,Riet,5,2,triadic,simultaneous,L,5,Sandra,FALSE
FSR,Riet,5,3,triadic,simultaneous,L,3,Frodo,TRUE
FSR,Riet,5,3,triadic,simultaneous,L,5,Sandra,FALSE
FSR,Riet,5,4,triadic,simultaneous,L,2,Frodo,TRUE
FSR,Riet,5,4,triadic,simultaneous,L,2,Sandra,FALSE
FSR,Riet,5,5,triadic,cons_left,R,4,Frodo,FALSE
FSR,Riet,5,5,triadic,cons_left,R,7,Sandra,TRUE
FSR,Riet,5,6,triadic,cons_left,L,6,Frodo,TRUE
FSR,Riet,5,6,triadic,cons_left,L,0,Sandra,FALSE
FSR,Riet,5,7,triadic,cons_right,L,5,Frodo,TRUE
FSR,Riet,5,7,triadic,cons_right,L,0,Sandra,FALSE
FSR,Riet,5,8,triadic,cons_right,R,2,Frodo,FALSE
FSR,Riet,5,8,triadic,cons_right,R,6,Sandra,TRUE
FSR,Riet,6,1,dyadic,right,R,1,Sandra,TRUE
FSR,Riet,6,2,dyadic,right,R,2,Sandra,TRUE
FSR,Riet,6,3,dyadic,left,L,4,Frodo,TRUE
FSR,Riet,6,4,dyadic,left,L,4,Frodo,TRUE
FSR,Riet,6,5,dyadic,right,R,2,Sandra,TRUE
FSR,Riet,6,6,dyadic,right,R,1,Sandra,TRUE
FSR,Riet,6,7,dyadic,left,L,2,Frodo,TRUE
FSR,Riet,6,8,dyadic,left,L,4,Frodo,TRUE
FSR,Riet,7,1,triadic,cons_right,L,6,Sandra,TRUE
FSR,Riet,7,1,triadic,cons_right,L,1,Frodo,FALSE
FSR,Riet,7,2,triadic,cons_right,R,2,Sandra,FALSE
FSR,Riet,7,2,triadic,cons_right,R,1,Frodo,TRUE
FSR,Riet,7,3,triadic,cons_left,L,4,Sandra,TRUE
FSR,Riet,7,3,triadic,cons_left,L,0,Frodo,FALSE
FSR,Riet,7,4,triadic,cons_left,L,3,Sandra,TRUE
FSR,Riet,7,4,triadic,cons_left,L,0,Frodo,FALSE
FSR,Riet,7,5,triadic,simultaneous,R,3,Sandra,FALSE
FSR,Riet,7,5,triadic,simultaneous,R,1,Frodo,TRUE
FSR,Riet,7,6,triadic,simultaneous,R,2,Sandra,FALSE
FSR,Riet,7,6,triadic,simultaneous,R,0,Frodo,TRUE
FSR,Riet,7,7,triadic,simultaneous,L,4,Sandra,TRUE
FSR,Riet,7,7,triadic,simultaneous,L,0,Frodo,FALSE
FSR,Riet,7,8,triadic,simultaneous,L,4,Sandra,TRUE
FSR,Riet,7,8,triadic,simultaneous,L,0,Frodo,FALSE
FSR,Riet,8,1,dyadic,left,L,2,Sandra,TRUE
FSR,Riet,8,2,dyadic,left,L,3,Sandra,TRUE
FSR,Riet,8,3,dyadic,right,R,2,Frodo,TRUE
FSR,Riet,8,4,dyadic,right,R,2,Frodo,TRUE
FSR,Riet,8,5,dyadic,left,L,4,Sandra,TRUE
FSR,Riet,8,6,dyadic,left,L,2,Sandra,TRUE
FSR,Riet,8,7,dyadic,right,R,1,Frodo,TRUE
FSR,Riet,8,8,dyadic,right,R,4,Frodo,TRUE
FSR,Riet,9,1,triadic,simultaneous,L,5,Frodo,TRUE
FSR,Riet,9,1,triadic,simultaneous,L,5,Sandra,FALSE
FSR,Riet,9,2,triadic,simultaneous,R,5,Frodo,FALSE
FSR,Riet,9,2,triadic,simultaneous,R,3,Sandra,TRUE
FSR,Riet,9,3,triadic,simultaneous,L,6,Frodo,TRUE
FSR,Riet,9,3,triadic,simultaneous,L,2,Sandra,FALSE
FSR,Riet,9,4,triadic,simultaneous,L,3,Frodo,TRUE
FSR,Riet,9,4,triadic,simultaneous,L,1,Sandra,FALSE
FSR,Riet,9,5,triadic,cons_right,R,3,Frodo,FALSE
FSR,Riet,9,5,triadic,cons_right,R,2,Sandra,TRUE
FSR,Riet,9,6,triadic,cons_right,R,4,Frodo,FALSE
FSR,Riet,9,6,triadic,cons_right,R,3,Sandra,TRUE
FSR,Riet,9,7,triadic,cons_left,L,4,Frodo,TRUE
FSR,Riet,9,7,triadic,cons_left,L,4,Sandra,FALSE
FSR,Riet,9,8,triadic,cons_left,L,6,Frodo,TRUE
FSR,Riet,9,8,triadic,cons_left,L,3,Sandra,FALSE
FSR,Riet,10,1,dyadic,left,L,5,Frodo,TRUE
FSR,Riet,10,2,dyadic,left,L,3,Frodo,TRUE
FSR,Riet,10,3,dyadic,right,R,2,Sandra,TRUE
FSR,Riet,10,4,dyadic,right,R,2,Sandra,TRUE
FSR,Riet,10,5,dyadic,left,L,4,Frodo,TRUE
FSR,Riet,10,6,dyadic,left,L,3,Frodo,TRUE
FSR,Riet,10,7,dyadic,right,R,4,Sandra,TRUE
FSR,Riet,10,8,dyadic,right,R,2,Sandra,TRUE
FSR,Riet,11,1,triadic,simultaneous,R,2,Sandra,FALSE
FSR,Riet,11,1,triadic,simultaneous,R,0,Frodo,TRUE
FSR,Riet,11,2,triadic,simultaneous,L,4,Sandra,TRUE
FSR,Riet,11,2,triadic,simultaneous,L,1,Frodo,FALSE
FSR,Riet,11,3,triadic,simultaneous,L,2,Sandra,TRUE
FSR,Riet,11,3,triadic,simultaneous,L,2,Frodo,FALSE
FSR,Riet,11,4,triadic,simultaneous,L,4,Sandra,TRUE
FSR,Riet,11,4,triadic,simultaneous,L,3,Frodo,FALSE
FSR,Riet,11,5,triadic,cons_right,L,4,Sandra,TRUE
FSR,Riet,11,5,triadic,cons_right,L,3,Frodo,FALSE
FSR,Riet,11,6,triadic,cons_right,R,3,Sandra,FALSE
FSR,Riet,11,6,triadic,cons_right,R,4,Frodo,TRUE
FSR,Riet,11,7,triadic,cons_left,L,2,Sandra,TRUE
FSR,Riet,11,7,triadic,cons_left,L,1,Frodo,FALSE
FSR,Riet,11,8,triadic,cons_left,L,3,Sandra,TRUE
FSR,Riet,11,8,triadic,cons_left,L,2,Frodo,FALSE
FSR,Riet,12,1,dyadic,left,L,2,Sandra,TRUE
FSR,Riet,12,2,dyadic,left,L,3,Sandra,TRUE
FSR,Riet,12,3,dyadic,right,R,3,Frodo,TRUE
FSR,Riet,12,4,dyadic,right,R,2,Frodo,TRUE
FSR,Riet,12,5,dyadic,left,L,2,Sandra,TRUE
FSR,Riet,12,6,dyadic,left,L,2,Sandra,TRUE
FSR,Riet,12,7,dyadic,right,R,3,Frodo,TRUE
FSR,Riet,12,8,dyadic,right,R,4,Frodo,TRUE
FSR,Riet,13,1,triadic,cons_left,L,6,Frodo,TRUE
FSR,Riet,13,1,triadic,cons_left,L,2,Sandra,FALSE
FSR,Riet,13,2,triadic,cons_left,L,5,Frodo,TRUE
FSR,Riet,13,2,triadic,cons_left,L,3,Sandra,FALSE
FSR,Riet,13,3,triadic,cons_right,L,6,Frodo,TRUE
FSR,Riet,13,3,triadic,cons_right,L,6,Sandra,FALSE
FSR,Riet,13,4,triadic,cons_right,L,6,Frodo,TRUE
FSR,Riet,13,4,triadic,cons_right,L,4,Sandra,FALSE
FSR,Riet,13,5,triadic,simultaneous,L,4,Frodo,TRUE
FSR,Riet,13,5,triadic,simultaneous,L,7,Sandra,FALSE
FSR,Riet,13,6,triadic,simultaneous,R,7,Frodo,FALSE
FSR,Riet,13,6,triadic,simultaneous,R,5,Sandra,TRUE
FSR,Riet,13,7,triadic,simultaneous,R,3,Frodo,FALSE
FSR,Riet,13,7,triadic,simultaneous,R,5,Sandra,TRUE
FSR,Riet,13,8,triadic,simultaneous,L,6,Frodo,TRUE
FSR,Riet,13,8,triadic,simultaneous,L,3,Sandra,FALSE
FSR,Riet,14,1,dyadic,right,R,3,Sandra,TRUE
FSR,Riet,14,2,dyadic,right,R,2,Sandra,TRUE
FSR,Riet,14,3,dyadic,left,L,6,Frodo,TRUE
FSR,Riet,14,4,dyadic,left,L,4,Frodo,TRUE
FSR,Riet,14,5,dyadic,right,R,2,Sandra,TRUE
FSR,Riet,14,6,dyadic,right,R,2,Sandra,TRUE
FSR,Riet,14,7,dyadic,left,L,5,Frodo,TRUE
FSR,Riet,14,8,dyadic,left,L,3,Frodo,TRUE
FSR,Riet,15,1,triadic,simultaneous,L,3,Sandra,TRUE
FSR,Riet,15,1,triadic,simultaneous,L,1,Frodo,FALSE
FSR,Riet,15,2,triadic,simultaneous,L,2,Sandra,TRUE
FSR,Riet,15,2,triadic,simultaneous,L,1,Frodo,FALSE
FSR,Riet,15,3,triadic,simultaneous,L,3,Sandra,TRUE
FSR,Riet,15,3,triadic,simultaneous,L,0,Frodo,FALSE
FSR,Riet,15,4,triadic,simultaneous,L,2,Sandra,TRUE
FSR,Riet,15,4,triadic,simultaneous,L,1,Frodo,FALSE
FSR,Riet,15,5,triadic,cons_left,R,1,Sandra,FALSE
FSR,Riet,15,5,triadic,cons_left,R,3,Frodo,TRUE
FSR,Riet,15,6,triadic,cons_left,L,2,Sandra,TRUE
FSR,Riet,15,6,triadic,cons_left,L,0,Frodo,FALSE
FSR,Riet,15,7,triadic,cons_right,R,2,Sandra,FALSE
FSR,Riet,15,7,triadic,cons_right,R,3,Frodo,TRUE
FSR,Riet,15,8,triadic,cons_right,R,3,Sandra,FALSE
FSR,Riet,15,8,triadic,cons_right,R,2,Frodo,TRUE
FSR,Riet,16,1,dyadic,right,R,2,Frodo,TRUE
FSR,Riet,16,2,dyadic,right,R,1,Frodo,TRUE
FSR,Riet,16,3,dyadic,left,L,2,Sandra,TRUE
FSR,Riet,16,4,dyadic,left,L,2,Sandra,TRUE
FSR,Riet,16,5,dyadic,right,R,1,Frodo,TRUE
FSR,Riet,16,6,dyadic,right,R,5,Frodo,TRUE
FSR,Riet,16,7,dyadic,left,L,4,Sandra,TRUE
FSR,Riet,16,8,dyadic,left,L,2,Sandra,TRUE
